1790835232749 c2s tag=1 Tinit winsize="" label="acme" (18B)
1790835232772 s2c tag=1 Rinit (6B)
1790835232772 c2s tag=1 Twrdraw data=4a49 (12B)
1790835232772 s2c tag=1 Rwrdraw count=2 (10B)
1790835232772 c2s tag=1 Trddraw count=145 (10B)
1790835232772 s2c tag=1 Rrddraw data=20202020202020202020312020202020... (154B)
1790835232773 c2s tag=1 Twrdraw data=710164 (13B)
1790835232773 c2s tag=1 Trddraw count=12 (10B)
1790835232773 s2c tag=1 Rwrdraw count=3 (10B)
1790835232774 c2s tag=1 Twrdraw data=62010000000000000000310000000100... (61B)
1790835232774 s2c tag=1 Rrddraw data=202020202020202020393620 (22B)
1790835232774 s2c tag=1 Rwrdraw count=51 (10B)
1790835232774 c2s tag=1 Twrdraw data=62020000000000000000310000000100... (61B)
1790835232775 s2c tag=1 Rwrdraw count=51 (10B)
1790835232781 c2s tag=1 Twrdraw data=4101000000000000000100000000 (24B)
1790835232782 s2c tag=1 Rwrdraw count=14 (10B)
1790835232785 c2s tag=1 Twrdraw data=62030000000100000001281808680000... (61B)
1790835232801 s2c tag=1 Rwrdraw count=51 (10B)
1790835232802 c2s tag=1 Twrdraw data=64030000000100000001000000000000... (56B)
1790835232808 c2s tag=1 Twrdraw data=62040000000000000000380000000100... (61B)
1790835232808 s2c tag=1 Rwrdraw count=46 (10B)
1790835232809 c2s tag=1 Twrdraw data=62050000000000000000281808680100... (61B)
1790835232809 s2c tag=1 Rwrdraw count=51 (10B)
1790835232809 c2s tag=1 Twrdraw data=62060000000000000000281808680100... (61B)
1790835232809 s2c tag=1 Rwrdraw count=51 (10B)
1790835232809 c2s tag=1 Twrdraw data=64060000000500000004000000000000... (55B)
1790835232809 s2c tag=1 Rwrdraw count=51 (10B)
1790835232809 c2s tag=1 Twrdraw data=6605000000 (15B)
1790835232809 s2c tag=1 Rwrdraw count=45 (10B)
1790835232809 c2s tag=1 Twrdraw data=62070000000000000000281808680100... (61B)
1790835232809 s2c tag=1 Rwrdraw count=5 (10B)
1790835232810 c2s tag=1 Twrdraw data=62080000000000000000281808680100... (61B)
1790835232810 s2c tag=1 Rwrdraw count=51 (10B)
1790835232810 c2s tag=1 Twrdraw data=62090000000000000000281808680100... (61B)
1790835232810 s2c tag=1 Rwrdraw count=51 (10B)
1790835232810 c2s tag=1 Twrdraw data=620a0000000000000000281808680100... (61B)
1790835232810 s2c tag=1 Rwrdraw count=51 (10B)
1790835232810 c2s tag=1 Twrdraw data=640a0000000900000004000000000000... (55B)
1790835232810 s2c tag=1 Rwrdraw count=51 (10B)
1790835232810 c2s tag=1 Twrdraw data=6609000000 (15B)
1790835232810 s2c tag=1 Rwrdraw count=45 (10B)
1790835232810 c2s tag=1 Twrdraw data=620b0000000000000000281808680100... (61B)
1790835232810 s2c tag=1 Rwrdraw count=5 (10B)
1790835232810 c2s tag=1 Twrdraw data=620c0000000000000000281808680100... (61B)
1790835232810 s2c tag=1 Rwrdraw count=51 (10B)
1790835232810 c2s tag=1 Twrdraw data=620d0000000000000000281808680000... (61B)
1790835232810 s2c tag=1 Rwrdraw count=51 (10B)
1790835232810 c2s tag=1 Twrdraw data=640d0000000600000001000000000000... (235B)
1790835232810 s2c tag=1 Rwrdraw count=51 (10B)
1790835232810 c2s tag=1 Twrdraw data=620e0000000000000000281808680000... (61B)
1790835232810 s2c tag=1 Rwrdraw count=225 (10B)
1790835232810 c2s tag=1 Twrdraw data=640e0000000600000001000000000000... (235B)
1790835232810 s2c tag=1 Rwrdraw count=51 (10B)
1790835232811 c2s tag=1 Twrdraw data=620f0000000000000000281808680100... (61B)
1790835232811 s2c tag=1 Rwrdraw count=225 (10B)
1790835232811 c2s tag=1 Twrdraw data=640e0000000f00000001000000020000... (55B)
1790835232811 s2c tag=1 Rwrdraw count=51 (10B)
1790835232811 c2s tag=1 Twrdraw data=660f000000 (15B)
1790835232811 s2c tag=1 Rwrdraw count=45 (10B)
1790835232811 c2s tag=1 Twrdraw data=62100000000000000000281808680000... (61B)
1790835232811 s2c tag=1 Rwrdraw count=5 (10B)
1790835232811 c2s tag=1 Twrdraw data=62110000000000000000281808680100... (61B)
1790835232811 s2c tag=1 Rwrdraw count=51 (10B)
1790835232811 c2s tag=1 Twrdraw data=62120000000000000000281808680100... (61B)
1790835232811 s2c tag=1 Rwrdraw count=51 (10B)
1790835232811 s2c tag=1 Rwrdraw count=51 (10B)
1790835232813 c2s tag=1 Trdkbd4 (6B)
1790835232814 c2s tag=2 Trdmouse (6B)
1790835232825 c2s tag=3 Twrdraw data=64030000000100000001000000000000... (55B)
1790835232828 s2c tag=3 Rwrdraw count=45 (10B)
1790835232830 c2s tag=3 Twrdraw data=62130000000000000000310000000000... (61B)
1790835232830 s2c tag=3 Rwrdraw count=51 (10B)
1790835232831 c2s tag=3 Twrdraw data=591300000000000000000000005b0600... (2060B)
1790835232831 s2c tag=3 Rwrdraw count=2050 (10B)
1790835232832 c2s tag=3 Twrdraw data=62140000000000000000310000000000... (61B)
1790835232833 s2c tag=3 Rwrdraw count=51 (10B)
1790835232833 c2s tag=3 Twrdraw data=6914000000450000000d (20B)
1790835232833 s2c tag=3 Rwrdraw count=10 (10B)
1790835232833 c2s tag=3 Twrdraw data=6c14000000130000003000b001000003... (47B)
1790835232833 s2c tag=3 Rwrdraw count=37 (10B)
1790835232833 c2s tag=3 Twrdraw data=62150000000000000000281808680000... (61B)
1790835232833 s2c tag=3 Rwrdraw count=51 (10B)
1790835232833 c2s tag=3 Twrdraw data=62160000000000000000281808680000... (61B)
1790835232833 s2c tag=3 Rwrdraw count=51 (10B)
1790835232833 c2s tag=3 Twrdraw data=64150000000600000001000000000000... (370B)
1790835232833 s2c tag=3 Rwrdraw count=360 (10B)
1790835232833 c2s tag=3 Twrdraw data=62170000000000000000310000000000... (61B)
1790835232833 s2c tag=3 Rwrdraw count=51 (10B)
1790835232833 c2s tag=3 Twrdraw data=6917000000450000000d (20B)
1790835232833 s2c tag=3 Rwrdraw count=10 (10B)
1790835232833 c2s tag=3 Twrdraw data=6614000000 (15B)
1790835232833 s2c tag=3 Rwrdraw count=5 (10B)
1790835232833 c2s tag=3 Twrdraw data=6c17000000130000002e00fa01000003... (47B)
1790835232833 s2c tag=3 Rwrdraw count=37 (10B)
1790835232833 c2s tag=3 Twrdraw data=6c170000001300000035004702000005... (47B)
1790835232834 s2c tag=3 Rwrdraw count=37 (10B)
1790835232834 c2s tag=3 Twrdraw data=62180000000000000000310000000000... (61B)
1790835232834 s2c tag=3 Rwrdraw count=51 (10B)
1790835232834 c2s tag=3 Twrdraw data=6918000000450000000d (20B)
1790835232834 s2c tag=3 Rwrdraw count=10 (10B)
1790835232834 c2s tag=3 Twrdraw data=6617000000 (15B)
1790835232834 s2c tag=3 Rwrdraw count=5 (10B)
1790835232834 c2s tag=3 Twrdraw data=6c18000000130000002700d401000005... (47B)
1790835232834 s2c tag=3 Rwrdraw count=37 (10B)
1790835232834 c2s tag=3 Twrdraw data=6c18000000130000001300e400000005... (47B)
1790835232834 s2c tag=3 Rwrdraw count=37 (10B)
1790835232834 c2s tag=3 Twrdraw data=6c18000000130000001f007401000005... (47B)
1790835232834 s2c tag=3 Rwrdraw count=37 (10B)
1790835232834 c2s tag=3 Twrdraw data=6c18000000130000002c001002000002... (47B)
1790835232834 s2c tag=3 Rwrdraw count=37 (10B)
1790835232834 s2c tag=3 Rwrdraw count=37 (10B)
1790835232834 c2s tag=3 Twrdraw data=6c180000001300000020008001000000... (47B)
1790835232835 c2s tag=3 Twrdraw data=6c18000000130000003b00c402000003... (47B)
1790835232835 s2c tag=3 Rwrdraw count=37 (10B)
1790835232835 c2s tag=3 Twrdraw data=6c18000000130000003900ac02000002... (47B)
1790835232835 s2c tag=3 Rwrdraw count=37 (10B)
1790835232835 c2s tag=3 Twrdraw data=6c18000000130000001000c000000003... (47B)
1790835232835 s2c tag=3 Rwrdraw count=37 (10B)
1790835232835 c2s tag=3 Twrdraw data=6c180000001300000005003c00000005... (47B)
1790835232835 s2c tag=3 Rwrdraw count=37 (10B)
1790835232835 c2s tag=3 Twrdraw data=6c180000001300000034007002000003... (47B)
1790835232835 s2c tag=3 Rwrdraw count=37 (10B)
1790835232835 c2s tag=3 Twrdraw data=6c180000001300000031004c02000005... (47B)
1790835232835 c2s tag=3 Twrdraw data=6c180000001300000004003000000003... (47B)
1790835232836 s2c tag=3 Rwrdraw count=37 (10B)
1790835232836 s2c tag=3 Rwrdraw count=37 (10B)
1790835232836 c2s tag=3 Twrdraw data=62190000000000000000310000000000... (61B)
1790835232837 s2c tag=3 Rwrdraw count=51 (10B)
1790835232837 c2s tag=3 Twrdraw data=6919000000450000000d (20B)
1790835232837 s2c tag=3 Rwrdraw count=10 (10B)
1790835232837 c2s tag=3 Twrdraw data=6618000000 (15B)
1790835232838 s2c tag=3 Rwrdraw count=5 (10B)
1790835232838 c2s tag=3 Twrdraw data=6c19000000130000003d005603000005... (47B)
1790835232838 s2c tag=3 Rwrdraw count=37 (10B)
1790835232838 c2s tag=3 Twrdraw data=6c19000000130000003000a002000005... (47B)
1790835232838 s2c tag=3 Rwrdraw count=37 (10B)
1790835232838 c2s tag=3 Twrdraw data=6c19000000130000002000c001000000... (47B)
1790835232838 c2s tag=3 Twrdraw data=6c190000001300000015002601000003... (47B)
1790835232838 s2c tag=3 Rwrdraw count=37 (10B)
1790835232839 c2s tag=3 Twrdraw data=6c190000001300000038001003000005... (47B)
1790835232839 s2c tag=3 Rwrdraw count=37 (10B)
1790835232839 c2s tag=3 Twrdraw data=6c190000001300000039001e03000002... (47B)
1790835232839 s2c tag=3 Rwrdraw count=37 (10B)
1790835232840 s2c tag=3 Rwrdraw count=37 (10B)
1790835232840 c2s tag=3 Twrdraw data=6c19000000130000003400d802000003... (137B)
1790835232840 s2c tag=3 Rwrdraw count=127 (10B)
1790835232840 c2s tag=3 Twrdraw data=6c19000000130000002e008402000003... (47B)
1790835232840 s2c tag=3 Rwrdraw count=37 (10B)
1790835232840 c2s tag=3 Twrdraw data=6c19000000130000003500e602000005... (47B)
1790835232840 s2c tag=3 Rwrdraw count=37 (10B)
1790835232840 c2s tag=3 Twrdraw data=6c190000001300000027002202000005... (47B)
1790835232840 s2c tag=3 Rwrdraw count=37 (10B)
1790835232840 c2s tag=3 Twrdraw data=6c190000001300000013000a01000005... (47B)
1790835232840 s2c tag=3 Rwrdraw count=37 (10B)
1790835232840 c2s tag=3 Twrdraw data=6c19000000130000001f00b201000005... (47B)
1790835232840 s2c tag=3 Rwrdraw count=37 (10B)
1790835232840 c2s tag=3 Twrdraw data=6c19000000130000002c006802000002... (47B)
1790835232841 c2s tag=3 Twrdraw data=6c19000000130000003b003a03000003... (47B)
1790835232841 s2c tag=3 Rwrdraw count=37 (10B)
1790835232841 c2s tag=3 Twrdraw data=6c19000000130000001000e000000003... (47B)
1790835232841 s2c tag=3 Rwrdraw count=37 (10B)
1790835232841 c2s tag=3 Twrdraw data=6c190000001300000005004600000005... (47B)
1790835232841 s2c tag=3 Rwrdraw count=37 (10B)
1790835232841 s2c tag=3 Rwrdraw count=37 (10B)
1790835232841 c2s tag=3 Twrdraw data=6c19000000130000003100ae02000005... (47B)
1790835232841 s2c tag=3 Rwrdraw count=37 (10B)
1790835232841 c2s tag=3 Twrdraw data=6c190000001300000004003800000003... (299B)
1790835232846 c2s tag=3 Twrdraw data=6c19000000130000003200bc02000003... (47B)
1790835232846 s2c tag=3 Rwrdraw count=289 (10B)
1790835232846 c2s tag=3 Twrdraw data=621a0000000000000000281808680000... (61B)
1790835232846 s2c tag=3 Rwrdraw count=37 (10B)
1790835232846 c2s tag=3 Twrdraw data=621b0000000000000000281808680000... (61B)
1790835232846 s2c tag=3 Rwrdraw count=51 (10B)
1790835232846 c2s tag=3 Twrdraw data=641a0000000600000001000000000000... (370B)
1790835232846 s2c tag=3 Rwrdraw count=51 (10B)
1790835232846 c2s tag=3 Twrdraw data=6c19000000130000003300ca02000003... (47B)
1790835232846 s2c tag=3 Rwrdraw count=360 (10B)
1790835232846 c2s tag=3 Twrdraw data=6c19000000130000002300ea01000005... (47B)
1790835232846 s2c tag=3 Rwrdraw count=37 (10B)
1790835232846 c2s tag=3 Twrdraw data=6c190000001300000003002a00000003... (47B)
1790835232846 s2c tag=3 Rwrdraw count=37 (10B)
1790835232847 c2s tag=3 Twrdraw data=6c19000000130000000e00c400000005... (47B)
1790835232847 s2c tag=3 Rwrdraw count=37 (10B)
1790835232847 c2s tag=3 Twrdraw data=6c19000000130000001200fc00000005... (47B)
1790835232847 s2c tag=3 Rwrdraw count=37 (10B)
1790835232847 s2c tag=3 Rwrdraw count=37 (10B)
1790835232847 s2c tag=3 Rwrdraw count=37 (10B)
1790835232847 c2s tag=3 Twrdraw data=6c190000001300000006005400000002... (47B)
1790835232849 c2s tag=3 Twrdraw data=6c19000000130000003a002c03000003... (947B)
1790835232853 c2s tag=3 Twrdraw data=621c0000000000000000281808680000... (61B)
1790835232853 s2c tag=3 Rwrdraw count=937 (10B)
1790835232854 c2s tag=3 Twrdraw data=621d0000000000000000281808680000... (61B)
1790835232854 s2c tag=3 Rwrdraw count=51 (10B)
1790835232854 s2c tag=3 Rwrdraw count=51 (10B)
1790835232854 c2s tag=3 Twrdraw data=641c0000000600000001000000000000... (775B)
1790835232856 s2c tag=3 Rwrdraw count=765 (10B)
1790835232856 c2s tag=3 Twrdraw data=621e0000000000000000281808680000... (61B)
1790835232856 s2c tag=3 Rwrdraw count=51 (10B)
1790835232856 c2s tag=3 Twrdraw data=621f0000000000000000281808680000... (61B)
1790835232856 s2c tag=3 Rwrdraw count=51 (10B)
1790835232856 c2s tag=3 Twrdraw data=641e0000000600000001000000000000... (325B)
1790835232856 s2c tag=3 Rwrdraw count=315 (10B)
1790835232856 c2s tag=3 Twrdraw data=62200000000000000000281808680000... (61B)
1790835232856 s2c tag=3 Rwrdraw count=51 (10B)
1790835232857 c2s tag=3 Twrdraw data=62210000000000000000281808680000... (61B)
1790835232857 s2c tag=3 Rwrdraw count=51 (10B)
1790835232857 c2s tag=3 Twrdraw data=64200000000a00000001000000000000... (370B)
1790835232858 s2c tag=3 Rwrdraw count=360 (10B)
1790835232858 c2s tag=3 Twrdraw data=62220000000000000000281808680000... (61B)
1790835232858 c2s tag=3 Tmoveto x=1284 y=52 (14B)
1790835232858 s2c tag=3 Rwrdraw count=51 (10B)
1790835232860 c2s tag=3 Twrdraw data=64220000000c00000001000000000000... (236B)
1790835232860 s2c tag=3 Rmoveto (6B)
1790835232862 c2s tag=3 Twrdraw data=6c19000000130000002100ce01000002... (288B)
1790835232863 s2c tag=3 Rwrdraw count=226 (10B)
1790835232863 s2c tag=3 Rwrdraw count=278 (10B)
1790835232863 c2s tag=3 Twrdraw data=6c19000000130000003c004803000002... (47B)
1790835232863 s2c tag=3 Rwrdraw count=37 (10B)
1790835232863 c2s tag=3 Twrdraw data=6c19000000130000000c00a800000003... (47B)
1790835232863 s2c tag=3 Rwrdraw count=37 (10B)
1790835232863 c2s tag=3 Twrdraw data=6c19000000130000001b007a01000002... (1731B)
1790835232866 s2c tag=3 Rwrdraw count=1721 (10B)
1790835232869 c2s tag=3 Twrdraw data=6c190000001300000002001c00000002... (47B)
1790835232869 s2c tag=3 Rwrdraw count=37 (10B)
1790835232869 s2c tag=3 Rwrdraw count=37 (10B)
1790835232869 c2s tag=3 Twrdraw data=6c19000000130000002400f801000002... (47B)
1790835232869 c2s tag=3 Twrdraw data=6c190000001300000016003401000005... (47B)
1790835232869 s2c tag=3 Rwrdraw count=37 (10B)
1790835232869 c2s tag=3 Twrdraw data=6c190000001300000028003002000002... (47B)
1790835232869 s2c tag=3 Rwrdraw count=37 (10B)
1790835232869 s2c tag=3 Rwrdraw count=37 (10B)
1790835232869 c2s tag=3 Twrdraw data=6c190000001300000017004201000003... (47B)
1790835232869 s2c tag=3 Rwrdraw count=37 (10B)
1790835232869 c2s tag=3 Twrdraw data=6c19000000130000003600f402000003... (47B)
1790835232869 c2s tag=3 Twrdraw data=6c190000001300000018005001000005... (47B)
1790835232869 s2c tag=3 Rwrdraw count=37 (10B)
1790835232869 s2c tag=3 Rwrdraw count=37 (10B)
1790835232870 c2s tag=3 Twrdraw data=6c190000001300000009007e00000005... (47B)
1790835232870 s2c tag=3 Rwrdraw count=37 (10B)
1790835232870 c2s tag=3 Twrdraw data=6c19000000130000003e006403000008... (47B)
1790835232870 c2s tag=3 Twrdraw data=6c19000000130000000f00d20000000b... (3018B)
1790835232871 s2c tag=3 Rwrdraw count=3008 (10B)
1790835232871 c2s tag=3 Twrdraw data=6c190000001300000037000203000003... (5173B)
1790835232892 s2c tag=3 Rwrdraw count=5163 (10B)
1790835232892 c2s tag=3 Twrdraw data=76 (11B)
1790835232892 s2c tag=3 Rwrdraw count=1 (10B)
1790835289864 s2c tag=2 Rrdmouse x=310 y=22 buttons=0 msec=1342223032 resized=32 (23B)
1790835289864 c2s tag=2 Trdmouse (6B)
1790835289866 c2s tag=3 Twrdraw data=76 (11B)
1790835289866 s2c tag=3 Rwrdraw count=1 (10B)
1790835289884 s2c tag=2 Rrdmouse x=222 y=42 buttons=0 msec=1342223052 resized=32 (23B)
1790835289884 c2s tag=2 Twrdraw data=76 (11B)
1790835289884 c2s tag=3 Trdmouse (6B)
1790835289884 s2c tag=2 Rwrdraw count=1 (10B)
1790835289898 c2s tag=3 Twrdraw data=76 (11B)
1790835289898 s2c tag=3 Rrdmouse x=124 y=70 buttons=0 msec=1342223066 resized=32 (23B)
1790835289898 s2c tag=3 Rwrdraw count=1 (10B)
1790835289899 c2s tag=4 Trdmouse (6B)
1790835289916 s2c tag=4 Rrdmouse x=66 y=86 buttons=0 msec=1342223083 resized=32 (23B)
1790835289916 c2s tag=4 Trdmouse (6B)
1790835289916 c2s tag=2 Twrdraw data=76 (11B)
1790835289916 s2c tag=2 Rwrdraw count=1 (10B)
1790835289930 s2c tag=4 Rrdmouse x=8 y=102 buttons=0 msec=1342223098 resized=32 (23B)
1790835289930 c2s tag=4 Trdmouse (6B)
1790835289930 c2s tag=2 Twrdraw data=76 (11B)
1790835289930 s2c tag=2 Rwrdraw count=1 (10B)
1790835291605 s2c tag=4 Rrdmouse x=388 y=14 buttons=0 msec=1342224772 resized=32 (23B)
1790835291606 c2s tag=4 Trdmouse (6B)
1790835291606 s2c tag=2 Rwrdraw count=1 (10B)
1790835291606 c2s tag=2 Twrdraw data=76 (11B)
1790835291621 s2c tag=4 Rrdmouse x=530 y=32 buttons=0 msec=1342224789 resized=32 (23B)
1790835291621 c2s tag=4 Twrdraw data=76 (11B)
1790835291621 c2s tag=2 Trdmouse (6B)
1790835291621 s2c tag=4 Rwrdraw count=1 (10B)
1790835291625 c2s tag=2 Twrdraw data=76 (11B)
1790835291625 s2c tag=2 Rrdmouse x=588 y=38 buttons=0 msec=1342224793 resized=32 (23B)
1790835291625 s2c tag=2 Rwrdraw count=1 (10B)
1790835291625 c2s tag=3 Trdmouse (6B)
1790835291646 c2s tag=3 Twrdraw data=76 (11B)
1790835291646 c2s tag=4 Trdmouse (6B)
1790835291646 s2c tag=3 Rrdmouse x=622 y=42 buttons=0 msec=1342224813 resized=32 (23B)
1790835291646 s2c tag=3 Rwrdraw count=1 (10B)
1790835291659 s2c tag=4 Rrdmouse x=648 y=46 buttons=0 msec=1342224827 resized=32 (23B)
1790835291659 c2s tag=4 Twrdraw data=76 (11B)
1790835291659 c2s tag=2 Trdmouse (6B)
1790835291659 s2c tag=4 Rwrdraw count=1 (10B)
1790835291674 s2c tag=2 Rrdmouse x=658 y=48 buttons=0 msec=1342224842 resized=32 (23B)
1790835291674 c2s tag=2 Twrdraw data=76 (11B)
1790835291675 c2s tag=3 Trdmouse (6B)
1790835291675 s2c tag=2 Rwrdraw count=1 (10B)
1790835291694 s2c tag=3 Rrdmouse x=660 y=48 buttons=0 msec=1342224862 resized=32 (23B)
1790835291694 c2s tag=3 Twrdraw data=76 (11B)
1790835291694 s2c tag=3 Rwrdraw count=1 (10B)
1790835291694 c2s tag=4 Trdmouse (6B)
1790835291711 s2c tag=4 Rrdmouse x=662 y=48 buttons=0 msec=1342224879 resized=32 (23B)
1790835291711 s2c tag=2 Rwrdraw count=1 (10B)
1790835291712 c2s tag=4 Trdmouse (6B)
1790835291712 c2s tag=2 Twrdraw data=76 (11B)
1790835291725 s2c tag=4 Rrdmouse x=662 y=50 buttons=0 msec=1342224892 resized=32 (23B)
1790835291725 c2s tag=4 Trdmouse (6B)
1790835291725 c2s tag=2 Twrdraw data=76 (11B)
1790835291725 s2c tag=2 Rwrdraw count=1 (10B)
1790835291779 c2s tag=4 Trdmouse (6B)
1790835291779 s2c tag=4 Rrdmouse x=662 y=52 buttons=0 msec=1342224947 resized=32 (23B)
1790835291779 s2c tag=2 Rwrdraw count=1 (10B)
1790835291779 c2s tag=2 Twrdraw data=76 (11B)
1790835291809 s2c tag=4 Rrdmouse x=660 y=52 buttons=0 msec=1342224976 resized=32 (23B)
1790835291809 c2s tag=4 Trdmouse (6B)
1790835291809 c2s tag=2 Twrdraw data=76 (11B)
1790835291810 s2c tag=2 Rwrdraw count=1 (10B)
1790835291848 s2c tag=4 Rrdmouse x=660 y=50 buttons=0 msec=1342225016 resized=32 (23B)
1790835291848 c2s tag=4 Trdmouse (6B)
1790835291848 c2s tag=2 Twrdraw data=76 (11B)
1790835291848 s2c tag=2 Rwrdraw count=1 (10B)
1790835291859 s2c tag=4 Rrdmouse x=658 y=48 buttons=0 msec=1342225026 resized=32 (23B)
1790835291859 c2s tag=4 Trdmouse (6B)
1790835291859 c2s tag=2 Twrdraw data=76 (11B)
1790835291859 s2c tag=2 Rwrdraw count=1 (10B)
1790835291876 s2c tag=4 Rrdmouse x=654 y=40 buttons=0 msec=1342225044 resized=32 (23B)
1790835291876 c2s tag=4 Trdmouse (6B)
1790835291876 c2s tag=2 Twrdraw data=76 (11B)
1790835291876 s2c tag=2 Rwrdraw count=1 (10B)
1790835291894 s2c tag=4 Rrdmouse x=648 y=28 buttons=0 msec=1342225062 resized=32 (23B)
1790835291894 c2s tag=4 Trdmouse (6B)
1790835291894 c2s tag=2 Twrdraw data=76 (11B)
1790835291894 s2c tag=2 Rwrdraw count=1 (10B)
1790835291909 c2s tag=4 Trdmouse (6B)
1790835291909 s2c tag=4 Rrdmouse x=640 y=12 buttons=0 msec=1342225077 resized=32 (23B)
1790835291909 s2c tag=2 Rwrdraw count=1 (10B)
1790835291909 c2s tag=2 Twrdraw data=76 (11B)
1790835293311 s2c tag=4 Rrdmouse x=562 y=18 buttons=0 msec=1342226479 resized=32 (23B)
1790835293311 c2s tag=4 Trdmouse (6B)
1790835293312 c2s tag=2 Twrdraw data=76 (11B)
1790835293312 s2c tag=2 Rwrdraw count=1 (10B)
1790835293326 s2c tag=4 Rrdmouse x=528 y=42 buttons=0 msec=1342226494 resized=32 (23B)
1790835293326 c2s tag=4 Twrdraw data=76 (11B)
1790835293326 s2c tag=4 Rwrdraw count=1 (10B)
1790835293326 c2s tag=2 Trdmouse (6B)
1790835293347 s2c tag=2 Rrdmouse x=494 y=60 buttons=0 msec=1342226514 resized=32 (23B)
1790835293347 c2s tag=2 Twrdraw data=76 (11B)
1790835293348 c2s tag=3 Trdmouse (6B)
1790835293348 s2c tag=2 Rwrdraw count=1 (10B)
1790835293361 c2s tag=3 Trdmouse (6B)
1790835293361 s2c tag=3 Rrdmouse x=472 y=72 buttons=0 msec=1342226529 resized=32 (23B)
1790835293361 c2s tag=4 Twrdraw data=76 (11B)
1790835293361 s2c tag=4 Rwrdraw count=1 (10B)
1790835293377 s2c tag=3 Rrdmouse x=412 y=90 buttons=0 msec=1342226545 resized=32 (23B)
1790835293378 c2s tag=3 Trdmouse (6B)
1790835293378 c2s tag=4 Twrdraw data=76 (11B)
1790835293378 s2c tag=4 Rwrdraw count=1 (10B)
1790835293393 s2c tag=3 Rrdmouse x=370 y=98 buttons=0 msec=1342226561 resized=32 (23B)
1790835293393 c2s tag=3 Trdmouse (6B)
1790835293394 s2c tag=4 Rwrdraw count=1 (10B)
1790835293394 c2s tag=4 Twrdraw data=76 (11B)
1790835293412 s2c tag=3 Rrdmouse x=332 y=102 buttons=0 msec=1342226579 resized=32 (23B)
1790835293412 c2s tag=3 Trdmouse (6B)
1790835293412 c2s tag=4 Twrdraw data=76 (11B)
1790835293412 s2c tag=4 Rwrdraw count=1 (10B)
1790835293429 s2c tag=3 Rrdmouse x=296 y=104 buttons=0 msec=1342226596 resized=32 (23B)
1790835293429 c2s tag=3 Trdmouse (6B)
1790835293429 c2s tag=4 Twrdraw data=76 (11B)
1790835293429 s2c tag=4 Rwrdraw count=1 (10B)
1790835293442 s2c tag=3 Rrdmouse x=268 y=104 buttons=0 msec=1342226610 resized=32 (23B)
1790835293442 c2s tag=3 Trdmouse (6B)
1790835293442 c2s tag=4 Twrdraw data=76 (11B)
1790835293442 s2c tag=4 Rwrdraw count=1 (10B)
1790835293461 s2c tag=3 Rrdmouse x=254 y=104 buttons=0 msec=1342226629 resized=32 (23B)
1790835293462 c2s tag=3 Twrdraw data=76 (11B)
1790835293462 c2s tag=4 Trdmouse (6B)
1790835293462 s2c tag=3 Rwrdraw count=1 (10B)
1790835293479 s2c tag=4 Rrdmouse x=238 y=100 buttons=0 msec=1342226646 resized=32 (23B)
1790835293480 c2s tag=4 Twrdraw data=76 (11B)
1790835293480 s2c tag=4 Rwrdraw count=1 (10B)
1790835293480 c2s tag=2 Trdmouse (6B)
1790835293494 s2c tag=2 Rrdmouse x=226 y=96 buttons=0 msec=1342226662 resized=32 (23B)
1790835293494 c2s tag=2 Trdmouse (6B)
1790835293494 c2s tag=3 Twrdraw data=76 (11B)
1790835293494 s2c tag=3 Rwrdraw count=1 (10B)
1790835293513 s2c tag=2 Rrdmouse x=218 y=92 buttons=0 msec=1342226681 resized=32 (23B)
1790835293514 c2s tag=2 Trdmouse (6B)
1790835293514 c2s tag=3 Twrdraw data=76 (11B)
1790835293514 s2c tag=3 Rwrdraw count=1 (10B)
1790835293527 s2c tag=2 Rrdmouse x=212 y=90 buttons=0 msec=1342226695 resized=32 (23B)
1790835293528 c2s tag=2 Trdmouse (6B)
1790835293528 c2s tag=3 Twrdraw data=76 (11B)
1790835293528 s2c tag=3 Rwrdraw count=1 (10B)
1790835293551 s2c tag=2 Rrdmouse x=206 y=86 buttons=0 msec=1342226718 resized=32 (23B)
1790835293551 c2s tag=2 Twrdraw data=76 (11B)
1790835293552 s2c tag=2 Rwrdraw count=1 (10B)
1790835293552 c2s tag=3 Trdmouse (6B)
1790835293563 s2c tag=3 Rrdmouse x=202 y=84 buttons=0 msec=1342226731 resized=32 (23B)
1790835293564 c2s tag=3 Trdmouse (6B)
1790835293564 c2s tag=4 Twrdraw data=76 (11B)
1790835293564 s2c tag=4 Rwrdraw count=1 (10B)
1790835293578 s2c tag=3 Rrdmouse x=194 y=82 buttons=0 msec=1342226746 resized=32 (23B)
1790835293578 c2s tag=3 Trdmouse (6B)
1790835293578 c2s tag=4 Twrdraw data=76 (11B)
1790835293578 s2c tag=4 Rwrdraw count=1 (10B)
1790835293592 s2c tag=3 Rrdmouse x=178 y=74 buttons=0 msec=1342226760 resized=32 (23B)
1790835293592 c2s tag=3 Trdmouse (6B)
1790835293592 c2s tag=4 Twrdraw data=76 (11B)
1790835293592 s2c tag=4 Rwrdraw count=1 (10B)
1790835293612 s2c tag=3 Rrdmouse x=164 y=68 buttons=0 msec=1342226780 resized=32 (23B)
1790835293612 c2s tag=3 Trdmouse (6B)
1790835293612 s2c tag=4 Rwrdraw count=1 (10B)
1790835293612 c2s tag=4 Twrdraw data=76 (11B)
1790835293625 s2c tag=3 Rrdmouse x=148 y=60 buttons=0 msec=1342226793 resized=32 (23B)
1790835293625 c2s tag=3 Trdmouse (6B)
1790835293625 c2s tag=4 Twrdraw data=76 (11B)
1790835293625 s2c tag=4 Rwrdraw count=1 (10B)
1790835293644 s2c tag=3 Rrdmouse x=136 y=56 buttons=0 msec=1342226812 resized=32 (23B)
1790835293644 c2s tag=3 Twrdraw data=76 (11B)
1790835293644 c2s tag=4 Trdmouse (6B)
1790835293645 s2c tag=3 Rwrdraw count=1 (10B)
1790835293665 s2c tag=4 Rrdmouse x=124 y=48 buttons=0 msec=1342226833 resized=32 (23B)
1790835293665 c2s tag=4 Trdmouse (6B)
1790835293665 c2s tag=2 Twrdraw data=76 (11B)
1790835293665 s2c tag=2 Rwrdraw count=1 (10B)
1790835293677 s2c tag=4 Rrdmouse x=112 y=44 buttons=0 msec=1342226845 resized=32 (23B)
1790835293677 c2s tag=4 Trdmouse (6B)
1790835293677 c2s tag=2 Twrdraw data=76 (11B)
1790835293677 s2c tag=2 Rwrdraw count=1 (10B)
1790835293695 s2c tag=4 Rrdmouse x=104 y=40 buttons=0 msec=1342226863 resized=32 (23B)
1790835293695 s2c tag=2 Rwrdraw count=1 (10B)
1790835293695 c2s tag=4 Trdmouse (6B)
1790835293695 c2s tag=2 Twrdraw data=76 (11B)
1790835293711 s2c tag=4 Rrdmouse x=100 y=38 buttons=0 msec=1342226879 resized=32 (23B)
1790835293711 c2s tag=4 Trdmouse (6B)
1790835293711 c2s tag=2 Twrdraw data=76 (11B)
1790835293711 s2c tag=2 Rwrdraw count=1 (10B)
1790835293726 s2c tag=4 Rrdmouse x=96 y=36 buttons=0 msec=1342226894 resized=32 (23B)
1790835293726 s2c tag=4 Rwrdraw count=1 (10B)
1790835293726 c2s tag=4 Twrdraw data=76 (11B)
1790835293726 c2s tag=2 Trdmouse (6B)
1790835293745 s2c tag=2 Rrdmouse x=94 y=36 buttons=0 msec=1342226914 resized=32 (23B)
1790835293746 c2s tag=2 Trdmouse (6B)
1790835293746 c2s tag=3 Twrdraw data=76 (11B)
1790835293746 s2c tag=3 Rwrdraw count=1 (10B)
1790835293759 s2c tag=2 Rrdmouse x=92 y=36 buttons=0 msec=1342226927 resized=32 (23B)
1790835293759 c2s tag=2 Trdmouse (6B)
1790835293759 c2s tag=3 Twrdraw data=76 (11B)
1790835293759 s2c tag=3 Rwrdraw count=1 (10B)
1790835293793 s2c tag=2 Rrdmouse x=90 y=36 buttons=0 msec=1342226961 resized=32 (23B)
1790835293793 c2s tag=2 Trdmouse (6B)
1790835293793 c2s tag=3 Twrdraw data=76 (11B)
1790835293793 s2c tag=3 Rwrdraw count=1 (10B)
1790835293813 s2c tag=2 Rrdmouse x=88 y=38 buttons=0 msec=1342226981 resized=32 (23B)
1790835293813 c2s tag=2 Trdmouse (6B)
1790835293813 c2s tag=3 Twrdraw data=76 (11B)
1790835293813 s2c tag=3 Rwrdraw count=1 (10B)
1790835293827 s2c tag=2 Rrdmouse x=86 y=40 buttons=0 msec=1342226995 resized=32 (23B)
1790835293828 c2s tag=2 Trdmouse (6B)
1790835293828 s2c tag=3 Rwrdraw count=1 (10B)
1790835293828 c2s tag=3 Twrdraw data=76 (11B)
1790835293843 s2c tag=2 Rrdmouse x=84 y=40 buttons=0 msec=1342227011 resized=32 (23B)
1790835293843 c2s tag=2 Trdmouse (6B)
1790835293843 c2s tag=3 Twrdraw data=76 (11B)
1790835293843 s2c tag=3 Rwrdraw count=1 (10B)
1790835293862 s2c tag=2 Rrdmouse x=82 y=40 buttons=0 msec=1342227030 resized=32 (23B)
1790835293862 c2s tag=2 Twrdraw data=76 (11B)
1790835293862 c2s tag=3 Trdmouse (6B)
1790835293862 s2c tag=2 Rwrdraw count=1 (10B)
1790835293880 s2c tag=3 Rrdmouse x=76 y=40 buttons=0 msec=1342227047 resized=32 (23B)
1790835293881 c2s tag=3 Trdmouse (6B)
1790835293881 c2s tag=4 Twrdraw data=76 (11B)
1790835293881 s2c tag=4 Rwrdraw count=1 (10B)
1790835293893 c2s tag=3 Trdmouse (6B)
1790835293893 s2c tag=3 Rrdmouse x=72 y=40 buttons=0 msec=1342227061 resized=32 (23B)
1790835293893 c2s tag=4 Twrdraw data=76 (11B)
1790835293893 s2c tag=4 Rwrdraw count=1 (10B)
1790835293912 s2c tag=3 Rrdmouse x=68 y=40 buttons=0 msec=1342227080 resized=32 (23B)
1790835293913 c2s tag=3 Trdmouse (6B)
1790835293913 c2s tag=4 Twrdraw data=76 (11B)
1790835293913 s2c tag=4 Rwrdraw count=1 (10B)
1790835293926 s2c tag=3 Rrdmouse x=62 y=40 buttons=0 msec=1342227094 resized=32 (23B)
1790835293926 c2s tag=3 Trdmouse (6B)
1790835293926 c2s tag=4 Twrdraw data=76 (11B)
1790835293926 s2c tag=4 Rwrdraw count=1 (10B)
1790835293942 s2c tag=3 Rrdmouse x=56 y=40 buttons=0 msec=1342227110 resized=32 (23B)
1790835293942 c2s tag=3 Trdmouse (6B)
1790835293942 s2c tag=4 Rwrdraw count=1 (10B)
1790835293942 c2s tag=4 Twrdraw data=76 (11B)
1790835293962 s2c tag=3 Rrdmouse x=50 y=38 buttons=0 msec=1342227130 resized=32 (23B)
1790835293962 c2s tag=3 Trdmouse (6B)
1790835293962 c2s tag=4 Twrdraw data=76 (11B)
1790835293962 s2c tag=4 Rwrdraw count=1 (10B)
1790835293975 s2c tag=3 Rrdmouse x=46 y=38 buttons=0 msec=1342227143 resized=32 (23B)
1790835293976 c2s tag=3 Trdmouse (6B)
1790835293976 c2s tag=4 Twrdraw data=76 (11B)
1790835293976 s2c tag=4 Rwrdraw count=1 (10B)
1790835293998 s2c tag=3 Rrdmouse x=44 y=36 buttons=0 msec=1342227166 resized=32 (23B)
1790835293998 c2s tag=3 Trdmouse (6B)
1790835293998 c2s tag=4 Twrdraw data=76 (11B)
1790835293998 s2c tag=4 Rwrdraw count=1 (10B)
1790835294009 s2c tag=3 Rrdmouse x=42 y=36 buttons=0 msec=1342227177 resized=32 (23B)
1790835294010 c2s tag=3 Trdmouse (6B)
1790835294010 c2s tag=4 Twrdraw data=76 (11B)
1790835294010 s2c tag=4 Rwrdraw count=1 (10B)
1790835294047 c2s tag=3 Trdmouse (6B)
1790835294047 c2s tag=4 Twrdraw data=76 (11B)
1790835294047 s2c tag=3 Rrdmouse x=40 y=36 buttons=0 msec=1342227215 resized=32 (23B)
1790835294048 s2c tag=4 Rwrdraw count=1 (10B)
1790835294249 s2c tag=3 Rrdmouse x=40 y=34 buttons=0 msec=1342227417 resized=32 (23B)
1790835294249 c2s tag=3 Trdmouse (6B)
1790835294249 c2s tag=4 Twrdraw data=76 (11B)
1790835294250 s2c tag=4 Rwrdraw count=1 (10B)
1790835294261 s2c tag=3 Rrdmouse x=38 y=34 buttons=0 msec=1342227429 resized=32 (23B)
1790835294262 c2s tag=3 Twrdraw data=76 (11B)
1790835294262 s2c tag=3 Rwrdraw count=1 (10B)
1790835294262 c2s tag=4 Trdmouse (6B)
1790835294347 s2c tag=4 Rrdmouse x=38 y=32 buttons=0 msec=1342227515 resized=32 (23B)
1790835294348 c2s tag=4 Trdmouse (6B)
1790835294348 c2s tag=2 Twrdraw data=76 (11B)
1790835294348 s2c tag=2 Rwrdraw count=1 (10B)
1790835295310 s2c tag=4 Rrdmouse x=38 y=32 buttons=2 msec=1342228478 resized=32 (23B)
1790835295310 c2s tag=4 Trdmouse (6B)
1790835295310 c2s tag=2 Twrdraw data=76 (11B)
1790835295310 s2c tag=2 Rwrdraw count=1 (10B)
1790835295418 s2c tag=4 Rrdmouse x=38 y=32 buttons=0 msec=1342228586 resized=32 (23B)
1790835295419 c2s tag=4 Trdmouse (6B)
1790835295419 c2s tag=2 Twrdraw data=76 (11B)
1790835295419 s2c tag=2 Rwrdraw count=1 (10B)
1790835296097 s2c tag=4 Rrdmouse x=38 y=30 buttons=0 msec=1342229264 resized=32 (23B)
1790835296097 c2s tag=4 Trdmouse (6B)
1790835296097 c2s tag=2 Twrdraw data=76 (11B)
1790835296097 s2c tag=2 Rwrdraw count=1 (10B)
1790835296131 s2c tag=4 Rrdmouse x=38 y=28 buttons=0 msec=1342229299 resized=32 (23B)
1790835296132 c2s tag=4 Trdmouse (6B)
1790835296132 c2s tag=2 Twrdraw data=76 (11B)
1790835296132 s2c tag=2 Rwrdraw count=1 (10B)
1790835296326 s2c tag=4 Rrdmouse x=38 y=26 buttons=0 msec=1342229494 resized=32 (23B)
1790835296328 c2s tag=4 Trdmouse (6B)
1790835296328 c2s tag=2 Twrdraw data=76 (11B)
1790835296328 s2c tag=2 Rwrdraw count=1 (10B)
1790835296399 c2s tag=4 Trdmouse (6B)
1790835296399 c2s tag=2 Twrdraw data=76 (11B)
1790835296400 s2c tag=4 Rrdmouse x=36 y=26 buttons=0 msec=1342229567 resized=32 (23B)
1790835296400 s2c tag=2 Rwrdraw count=1 (10B)
1790835296732 s2c tag=4 Rrdmouse x=36 y=26 buttons=2 msec=1342229899 resized=32 (23B)
1790835296732 c2s tag=4 Twrdraw data=64030000001b000000010000001b0100... (146B)
1790835296732 c2s tag=2 Trdmouse (6B)
1790835296733 c2s tag=4 Twrdraw data=76 (11B)
1790835296734 s2c tag=4 Rwrdraw count=136 (10B)
1790835296735 s2c tag=4 Rwrdraw count=1 (10B)
1790835296760 s2c tag=2 Rrdmouse x=36 y=26 buttons=0 msec=1342229928 resized=32 (23B)
1790835296760 c2s tag=2 Trdmouse (6B)
1790835296761 c2s tag=3 Twrdraw data=64030000001b00000001000000220000... (191B)
1790835296761 s2c tag=3 Rwrdraw count=181 (10B)
1790835296761 c2s tag=3 Twrdraw data=64030000000a00000001000000000000... (55B)
1790835296765 s2c tag=3 Rwrdraw count=45 (10B)
1790835296765 c2s tag=3 Twrdraw data=62230000000000000000281808680000... (61B)
1790835296765 s2c tag=3 Rwrdraw count=51 (10B)
1790835296766 c2s tag=3 Twrdraw data=62240000000000000000281808680000... (61B)
1790835296766 s2c tag=3 Rwrdraw count=51 (10B)
1790835296766 c2s tag=3 Twrdraw data=64230000000600000001000000000000... (325B)
1790835296766 s2c tag=3 Rwrdraw count=315 (10B)
1790835296766 c2s tag=3 Twrdraw data=62250000000000000000281808680000... (61B)
1790835296767 s2c tag=3 Rwrdraw count=51 (10B)
1790835296767 c2s tag=3 Twrdraw data=62260000000000000000281808680000... (61B)
1790835296767 s2c tag=3 Rwrdraw count=51 (10B)
1790835296767 c2s tag=3 Tmoveto x=15 y=52 (14B)
1790835296767 c2s tag=3 Twrdraw data=64250000000a00000001000000000000... (596B)
1790835296767 s2c tag=3 Rmoveto (6B)
1790835296775 s2c tag=2 Rrdmouse x=15 y=52 buttons=0 msec=1342229938 resized=32 (23B)
1790835296775 c2s tag=3 Twrdraw data=640300000024000000010000000f0000... (1691B)
1790835296777 s2c tag=3 Rwrdraw count=586 (10B)
1790835296784 s2c tag=3 Rwrdraw count=1681 (10B)
1790835296784 c2s tag=3 Trdmouse (6B)
1790835296784 c2s tag=4 Twrdraw data=76 (11B)
1790835296784 s2c tag=4 Rwrdraw count=1 (10B)
1790835297564 s2c tag=3 Rrdmouse x=36 y=30 buttons=0 msec=1342230732 resized=32 (23B)
1790835297564 c2s tag=3 Trdmouse (6B)
1790835297564 s2c tag=4 Rwrdraw count=1 (10B)
1790835297564 c2s tag=4 Twrdraw data=76 (11B)
1790835297576 s2c tag=3 Rrdmouse x=52 y=50 buttons=0 msec=1342230744 resized=32 (23B)
1790835297576 c2s tag=3 Trdmouse (6B)
1790835297576 c2s tag=4 Twrdraw data=76 (11B)
1790835297576 s2c tag=4 Rwrdraw count=1 (10B)
1790835297600 s2c tag=3 Rrdmouse x=74 y=80 buttons=0 msec=1342230768 resized=32 (23B)
1790835297600 c2s tag=3 Trdmouse (6B)
1790835297600 c2s tag=4 Twrdraw data=76 (11B)
1790835297600 s2c tag=4 Rwrdraw count=1 (10B)
1790835297609 s2c tag=3 Rrdmouse x=108 y=122 buttons=0 msec=1342230777 resized=32 (23B)
1790835297609 c2s tag=3 Trdmouse (6B)
1790835297609 c2s tag=4 Twrdraw data=76 (11B)
1790835297609 s2c tag=4 Rwrdraw count=1 (10B)
1790835297626 s2c tag=3 Rrdmouse x=120 y=138 buttons=0 msec=1342230794 resized=32 (23B)
1790835297627 c2s tag=3 Trdmouse (6B)
1790835297627 c2s tag=4 Twrdraw data=76 (11B)
1790835297627 s2c tag=4 Rwrdraw count=1 (10B)
1790835297646 s2c tag=3 Rrdmouse x=126 y=146 buttons=0 msec=1342230814 resized=32 (23B)
1790835297646 c2s tag=3 Trdmouse (6B)
1790835297646 c2s tag=4 Twrdraw data=76 (11B)
1790835297646 s2c tag=4 Rwrdraw count=1 (10B)
1790835297662 s2c tag=3 Rrdmouse x=140 y=162 buttons=0 msec=1342230830 resized=32 (23B)
1790835297662 c2s tag=3 Trdmouse (6B)
1790835297662 s2c tag=4 Rwrdraw count=1 (10B)
1790835297662 c2s tag=4 Twrdraw data=76 (11B)
1790835297677 s2c tag=3 Rrdmouse x=144 y=168 buttons=0 msec=1342230845 resized=32 (23B)
1790835297677 c2s tag=3 Trdmouse (6B)
1790835297677 c2s tag=4 Twrdraw data=76 (11B)
1790835297677 s2c tag=4 Rwrdraw count=1 (10B)
1790835297693 s2c tag=3 Rrdmouse x=146 y=172 buttons=0 msec=1342230861 resized=32 (23B)
1790835297693 c2s tag=3 Trdmouse (6B)
1790835297693 c2s tag=4 Twrdraw data=76 (11B)
1790835297693 s2c tag=4 Rwrdraw count=1 (10B)
1790835297709 s2c tag=3 Rrdmouse x=148 y=174 buttons=0 msec=1342230877 resized=32 (23B)
1790835297709 c2s tag=3 Trdmouse (6B)
1790835297709 s2c tag=4 Rwrdraw count=1 (10B)
1790835297709 c2s tag=4 Twrdraw data=76 (11B)
1790835297744 s2c tag=3 Rrdmouse x=150 y=176 buttons=0 msec=1342230912 resized=32 (23B)
1790835297744 c2s tag=3 Trdmouse (6B)
1790835297744 c2s tag=4 Twrdraw data=76 (11B)
1790835297744 s2c tag=4 Rwrdraw count=1 (10B)
1790835297777 s2c tag=3 Rrdmouse x=150 y=178 buttons=0 msec=1342230945 resized=32 (23B)
1790835297777 c2s tag=3 Trdmouse (6B)
1790835297777 c2s tag=4 Twrdraw data=76 (11B)
1790835297777 s2c tag=4 Rwrdraw count=1 (10B)
1790835297797 s2c tag=3 Rrdmouse x=152 y=178 buttons=0 msec=1342230965 resized=32 (23B)
1790835297797 c2s tag=3 Trdmouse (6B)
1790835297797 c2s tag=4 Twrdraw data=76 (11B)
1790835297797 s2c tag=4 Rwrdraw count=1 (10B)
1790835297807 s2c tag=3 Rrdmouse x=152 y=178 buttons=1 msec=1342230975 resized=32 (23B)
1790835297807 c2s tag=3 Twrdraw data=640300000026000000010000000f0000... (146B)
1790835297807 s2c tag=3 Rwrdraw count=136 (10B)
1790835297807 c2s tag=4 Trdmouse (6B)
1790835297810 c2s tag=3 Twrdraw data=76 (11B)
1790835297810 s2c tag=3 Rwrdraw count=1 (10B)
1790835297890 s2c tag=4 Rrdmouse x=152 y=178 buttons=0 msec=1342231058 resized=32 (23B)
1790835297890 c2s tag=4 Trdmouse (6B)
1790835297890 c2s tag=2 Twrdraw data=76 (11B)
1790835297890 s2c tag=2 Rwrdraw count=1 (10B)
1790835297890 c2s tag=2 Twrdraw data=64030000000d00000001000000000000... (56B)
1790835297890 s2c tag=2 Rwrdraw count=46 (10B)
1790835298831 s2c tag=1 Rrdkbd4 rune=61460 (10B)
1790835298831 c2s tag=1 Trdkbd4 (6B)
1790835298832 c2s tag=2 Twrdraw data=64030000000d00000001000000000000... (56B)
1790835298832 s2c tag=2 Rwrdraw count=46 (10B)
1790835298835 c2s tag=2 Twrdraw data=64030000000a00000001000000f50400... (3506B)
1790835298839 s2c tag=2 Rwrdraw count=3496 (10B)
1790835298839 c2s tag=2 Twrdraw data=62270000000000000000281808680000... (61B)
1790835298841 s2c tag=2 Rwrdraw count=51 (10B)
1790835298843 c2s tag=2 Twrdraw data=62280000000000000000281808680000... (61B)
1790835298843 s2c tag=2 Rwrdraw count=51 (10B)
1790835298844 c2s tag=2 Twrdraw data=64270000000600000001000000000000... (325B)
1790835298844 s2c tag=2 Rwrdraw count=315 (10B)
1790835298844 c2s tag=2 Twrdraw data=62290000000000000000281808680000... (61B)
1790835298844 s2c tag=2 Rwrdraw count=51 (10B)
1790835298844 c2s tag=2 Twrdraw data=622a0000000000000000281808680000... (61B)
1790835298845 s2c tag=2 Rwrdraw count=51 (10B)
1790835298845 c2s tag=2 Tmoveto x=1284 y=175 (14B)
1790835298845 s2c tag=2 Rmoveto (6B)
1790835298845 c2s tag=2 Twrdraw data=64290000000a00000001000000000000... (596B)
1790835298848 s2c tag=4 Rrdmouse x=1284 y=175 buttons=0 msec=1342232016 resized=32 (23B)
1790835298848 s2c tag=2 Rwrdraw count=586 (10B)
1790835298848 c2s tag=2 Twrdraw data=6c19000000130000001c008801000005... (2008B)
1790835298851 s2c tag=2 Rwrdraw count=1998 (10B)
1790835298851 c2s tag=2 Twrdraw data=6c19000000130000000a008c00000003... (9668B)
1790835298853 s2c tag=2 Rwrdraw count=9658 (10B)
1790835298853 c2s tag=2 Trdmouse (6B)
1790835298853 c2s tag=3 Twrdraw data=76 (11B)
1790835298853 s2c tag=3 Rwrdraw count=1 (10B)
1790835301709 s2c tag=2 Rrdmouse x=152 y=178 buttons=0 msec=1342234877 resized=32 (23B)
1790835301709 c2s tag=2 Twrdraw data=76 (11B)
1790835301709 c2s tag=3 Trdmouse (6B)
1790835301709 s2c tag=2 Rwrdraw count=1 (10B)
1790835301709 s2c tag=3 Rrdmouse x=152 y=178 buttons=1 msec=1342234877 resized=32 (23B)
1790835301709 c2s tag=2 Twrdraw data=640300000026000000010000000f0000... (146B)
1790835301709 s2c tag=2 Rwrdraw count=136 (10B)
1790835301709 c2s tag=3 Trdmouse (6B)
1790835301709 c2s tag=2 Twrdraw data=76 (11B)
1790835301709 s2c tag=2 Rwrdraw count=1 (10B)
1790835301872 s2c tag=3 Rrdmouse x=152 y=178 buttons=0 msec=1342235040 resized=32 (23B)
1790835301872 c2s tag=3 Trdmouse (6B)
1790835301872 s2c tag=4 Rwrdraw count=1 (10B)
1790835301872 c2s tag=4 Twrdraw data=76 (11B)
1790835301872 c2s tag=4 Twrdraw data=64030000000d00000001000000000000... (56B)
1790835301872 s2c tag=4 Rwrdraw count=46 (10B)
1790835303121 s2c tag=1 Rrdkbd4 rune=72 (10B)
1790835303121 c2s tag=1 Trdkbd4 (6B)
1790835303122 c2s tag=2 Twrdraw data=640300000024000000010000000f0000... (280B)
1790835303122 s2c tag=2 Rwrdraw count=270 (10B)
1790835303123 c2s tag=2 Twrdraw data=6c190000001300000025000602000003... (1228B)
1790835303124 s2c tag=2 Rwrdraw count=1218 (10B)
1790835303124 c2s tag=2 Twrdraw data=6c190000001300000008007000000003... (334B)
1790835303124 s2c tag=2 Rwrdraw count=324 (10B)
1790835303356 s2c tag=1 Rrdkbd4 rune=101 (10B)
1790835303356 c2s tag=1 Trdkbd4 (6B)
1790835303356 c2s tag=2 Twrdraw data=640300000026000000010000001a0000... (297B)
1790835303357 s2c tag=2 Rwrdraw count=287 (10B)
1790835303634 s2c tag=1 Rrdkbd4 rune=108 (10B)
1790835303635 c2s tag=1 Trdkbd4 (6B)
1790835303635 c2s tag=2 Twrdraw data=64030000002600000001000000220000... (297B)
1790835303635 s2c tag=2 Rwrdraw count=287 (10B)
1790835303796 s2c tag=1 Rrdkbd4 rune=108 (10B)
1790835303796 c2s tag=1 Trdkbd4 (6B)
1790835303796 c2s tag=2 Twrdraw data=64030000002600000001000000260000... (297B)
1790835303796 s2c tag=2 Rwrdraw count=287 (10B)
1790835303981 s2c tag=1 Rrdkbd4 rune=111 (10B)
1790835303981 c2s tag=1 Trdkbd4 (6B)
1790835303982 c2s tag=2 Twrdraw data=640300000026000000010000002a0000... (297B)
1790835303982 s2c tag=2 Rwrdraw count=287 (10B)
1790835304185 s2c tag=1 Rrdkbd4 rune=32 (10B)
1790835304185 c2s tag=1 Trdkbd4 (6B)
1790835304186 c2s tag=2 Twrdraw data=64030000002600000001000000330000... (297B)
1790835304186 s2c tag=2 Rwrdraw count=287 (10B)
1790835306907 s2c tag=1 Rrdkbd4 rune=71 (10B)
1790835306907 c2s tag=1 Trdkbd4 (6B)
1790835306907 c2s tag=2 Twrdraw data=64030000002600000001000000370000... (297B)
1790835306907 s2c tag=2 Rwrdraw count=287 (10B)
1790835307056 s2c tag=1 Rrdkbd4 rune=76 (10B)
1790835307056 c2s tag=1 Trdkbd4 (6B)
1790835307056 c2s tag=2 Twrdraw data=64030000002600000001000000410000... (297B)
1790835307056 s2c tag=2 Rwrdraw count=287 (10B)
1790835307254 s2c tag=1 Rrdkbd4 rune=77 (10B)
1790835307254 c2s tag=1 Trdkbd4 (6B)
1790835307254 c2s tag=2 Twrdraw data=6c19000000130000001d009601000003... (334B)
1790835307254 s2c tag=2 Rwrdraw count=324 (10B)
1790835307848 s2c tag=1 Rrdkbd4 rune=33 (10B)
1790835307848 c2s tag=1 Trdkbd4 (6B)
1790835307848 c2s tag=2 Twrdraw data=6c19000000130000003300ca02000003... (334B)
1790835307848 s2c tag=2 Rwrdraw count=324 (10B)
1790835309580 s2c tag=3 Rrdmouse x=156 y=176 buttons=0 msec=1342242748 resized=32 (23B)
1790835309580 c2s tag=3 Trdmouse (6B)
1790835309580 c2s tag=4 Twrdraw data=76 (11B)
1790835309580 s2c tag=4 Rwrdraw count=1 (10B)
1790835309595 c2s tag=3 Trdmouse (6B)
1790835309596 c2s tag=4 Twrdraw data=76 (11B)
1790835309596 s2c tag=3 Rrdmouse x=216 y=164 buttons=0 msec=1342242763 resized=32 (23B)
1790835309596 s2c tag=4 Rwrdraw count=1 (10B)
1790835309625 s2c tag=3 Rrdmouse x=290 y=160 buttons=0 msec=1342242793 resized=32 (23B)
1790835309625 c2s tag=3 Trdmouse (6B)
1790835309625 c2s tag=4 Twrdraw data=76 (11B)
1790835309625 s2c tag=4 Rwrdraw count=1 (10B)
1790835309630 s2c tag=3 Rrdmouse x=436 y=160 buttons=0 msec=1342242799 resized=32 (23B)
1790835309631 s2c tag=3 Rwrdraw count=1 (10B)
1790835309631 c2s tag=3 Twrdraw data=76 (11B)
1790835309631 c2s tag=4 Trdmouse (6B)
1790835309646 s2c tag=4 Rrdmouse x=606 y=190 buttons=0 msec=1342242814 resized=32 (23B)
1790835309646 c2s tag=4 Trdmouse (6B)
1790835309646 c2s tag=2 Twrdraw data=76 (11B)
1790835309646 s2c tag=2 Rwrdraw count=1 (10B)
1790835309660 s2c tag=4 Rrdmouse x=924 y=290 buttons=0 msec=1342177292 resized=32 (23B)
1790835309662 c2s tag=4 Trdmouse (6B)
1790835309662 s2c tag=2 Rwrdraw count=1 (10B)
1790835309662 c2s tag=2 Twrdraw data=76 (11B)
1790835309679 c2s tag=4 Trdmouse (6B)
1790835309679 c2s tag=2 Twrdraw data=76 (11B)
1790835309679 s2c tag=4 Rrdmouse x=1122 y=364 buttons=0 msec=1342177311 resized=32 (23B)
1790835309679 s2c tag=2 Rwrdraw count=1 (10B)
1790835309694 s2c tag=4 Rrdmouse x=1286 y=422 buttons=0 msec=1342177326 resized=32 (23B)
1790835309694 c2s tag=4 Trdmouse (6B)
1790835309694 s2c tag=2 Rwrdraw count=1 (10B)
1790835309694 c2s tag=2 Twrdraw data=76 (11B)
1790835309713 s2c tag=4 Rrdmouse x=1344 y=438 buttons=0 msec=1342177345 resized=32 (23B)
1790835309713 c2s tag=4 Trdmouse (6B)
1790835309713 c2s tag=2 Twrdraw data=76 (11B)
1790835309713 s2c tag=2 Rwrdraw count=1 (10B)
1790835309731 c2s tag=4 Trdmouse (6B)
1790835309731 c2s tag=2 Twrdraw data=76 (11B)
1790835309731 s2c tag=4 Rrdmouse x=1418 y=456 buttons=0 msec=1342177363 resized=32 (23B)
1790835309731 s2c tag=2 Rwrdraw count=1 (10B)
1790835309743 s2c tag=4 Rrdmouse x=1464 y=460 buttons=0 msec=1342177375 resized=32 (23B)
1790835309743 c2s tag=4 Trdmouse (6B)
1790835309744 c2s tag=2 Twrdraw data=76 (11B)
1790835309744 s2c tag=2 Rwrdraw count=1 (10B)
1790835309978 s2c tag=4 Rrdmouse x=1464 y=456 buttons=0 msec=1342177610 resized=32 (23B)
1790835309978 c2s tag=4 Trdmouse (6B)
1790835309978 c2s tag=2 Twrdraw data=76 (11B)
1790835309978 s2c tag=2 Rwrdraw count=1 (10B)
1790835309995 c2s tag=4 Trdmouse (6B)
1790835309995 s2c tag=4 Rrdmouse x=1462 y=438 buttons=0 msec=1342177627 resized=32 (23B)
1790835309995 c2s tag=2 Twrdraw data=76 (11B)
1790835309995 s2c tag=2 Rwrdraw count=1 (10B)
1790835310013 s2c tag=4 Rrdmouse x=1450 y=410 buttons=0 msec=1342177645 resized=32 (23B)
1790835310014 c2s tag=4 Trdmouse (6B)
1790835310014 c2s tag=2 Twrdraw data=76 (11B)
1790835310014 s2c tag=2 Rwrdraw count=1 (10B)
1790835310032 s2c tag=4 Rrdmouse x=1438 y=372 buttons=0 msec=1342177663 resized=32 (23B)
1790835310032 c2s tag=4 Trdmouse (6B)
1790835310032 c2s tag=2 Twrdraw data=76 (11B)
1790835310032 s2c tag=2 Rwrdraw count=1 (10B)
1790835310042 s2c tag=4 Rrdmouse x=1412 y=308 buttons=0 msec=1342177674 resized=32 (23B)
1790835310042 c2s tag=4 Trdmouse (6B)
1790835310042 c2s tag=2 Twrdraw data=76 (11B)
1790835310042 s2c tag=2 Rwrdraw count=1 (10B)
1790835310066 s2c tag=4 Rrdmouse x=1398 y=272 buttons=0 msec=1342177698 resized=32 (23B)
1790835310066 c2s tag=4 Trdmouse (6B)
1790835310066 c2s tag=2 Twrdraw data=76 (11B)
1790835310066 s2c tag=2 Rwrdraw count=1 (10B)
1790835310078 s2c tag=4 Rrdmouse x=1382 y=226 buttons=0 msec=1342177710 resized=32 (23B)
1790835310078 c2s tag=4 Trdmouse (6B)
1790835310078 c2s tag=2 Twrdraw data=76 (11B)
1790835310079 s2c tag=2 Rwrdraw count=1 (10B)
1790835310093 s2c tag=4 Rrdmouse x=1372 y=194 buttons=0 msec=1342177725 resized=32 (23B)
1790835310093 c2s tag=4 Trdmouse (6B)
1790835310093 c2s tag=2 Twrdraw data=76 (11B)
1790835310093 s2c tag=2 Rwrdraw count=1 (10B)
1790835310111 s2c tag=4 Rrdmouse x=1366 y=174 buttons=0 msec=1342177743 resized=32 (23B)
1790835310111 c2s tag=4 Trdmouse (6B)
1790835310112 c2s tag=2 Twrdraw data=76 (11B)
1790835310112 s2c tag=2 Rwrdraw count=1 (10B)
1790835310129 s2c tag=4 Rrdmouse x=1364 y=160 buttons=0 msec=1342177761 resized=32 (23B)
1790835310129 c2s tag=4 Trdmouse (6B)
1790835310129 c2s tag=2 Twrdraw data=76 (11B)
1790835310129 s2c tag=2 Rwrdraw count=1 (10B)
1790835310146 s2c tag=4 Rrdmouse x=1362 y=154 buttons=0 msec=1342177778 resized=32 (23B)
1790835310146 c2s tag=4 Trdmouse (6B)
1790835310146 c2s tag=2 Twrdraw data=76 (11B)
1790835310146 s2c tag=2 Rwrdraw count=1 (10B)
1790835310162 s2c tag=4 Rrdmouse x=1360 y=150 buttons=0 msec=1342177794 resized=32 (23B)
1790835310163 c2s tag=4 Trdmouse (6B)
1790835310163 c2s tag=2 Twrdraw data=76 (11B)
1790835310163 s2c tag=2 Rwrdraw count=1 (10B)
1790835310181 s2c tag=4 Rrdmouse x=1360 y=148 buttons=0 msec=1342177813 resized=32 (23B)
1790835310181 c2s tag=4 Trdmouse (6B)
1790835310181 c2s tag=2 Twrdraw data=76 (11B)
1790835310181 s2c tag=2 Rwrdraw count=1 (10B)
1790835310349 s2c tag=4 Rrdmouse x=1358 y=148 buttons=0 msec=1342177981 resized=32 (23B)
1790835310349 c2s tag=4 Twrdraw data=76 (11B)
1790835310349 c2s tag=2 Trdmouse (6B)
1790835310349 s2c tag=4 Rwrdraw count=1 (10B)
1790835310400 s2c tag=2 Rrdmouse x=1356 y=148 buttons=0 msec=1342178032 resized=32 (23B)
1790835310400 c2s tag=2 Trdmouse (6B)
1790835310400 c2s tag=3 Twrdraw data=76 (11B)
1790835310400 s2c tag=3 Rwrdraw count=1 (10B)
1790835310412 s2c tag=2 Rrdmouse x=1354 y=146 buttons=0 msec=1342178044 resized=32 (23B)
1790835310412 c2s tag=2 Trdmouse (6B)
1790835310412 c2s tag=3 Twrdraw data=76 (11B)
1790835310412 s2c tag=3 Rwrdraw count=1 (10B)
1790835310434 s2c tag=2 Rrdmouse x=1354 y=144 buttons=0 msec=1342178066 resized=32 (23B)
1790835310434 c2s tag=2 Trdmouse (6B)
1790835310434 c2s tag=3 Twrdraw data=76 (11B)
1790835310434 s2c tag=3 Rwrdraw count=1 (10B)
1790835310443 s2c tag=2 Rrdmouse x=1350 y=142 buttons=0 msec=1342178075 resized=32 (23B)
1790835310443 c2s tag=2 Trdmouse (6B)
1790835310443 c2s tag=3 Twrdraw data=76 (11B)
1790835310443 s2c tag=3 Rwrdraw count=1 (10B)
1790835310461 s2c tag=2 Rrdmouse x=1342 y=140 buttons=0 msec=1342178093 resized=32 (23B)
1790835310461 c2s tag=2 Trdmouse (6B)
1790835310461 c2s tag=3 Twrdraw data=76 (11B)
1790835310461 s2c tag=3 Rwrdraw count=1 (10B)
1790835310477 s2c tag=2 Rrdmouse x=1316 y=134 buttons=0 msec=1342178109 resized=32 (23B)
1790835310477 c2s tag=2 Twrdraw data=76 (11B)
1790835310477 c2s tag=3 Trdmouse (6B)
1790835310477 s2c tag=2 Rwrdraw count=1 (10B)
1790835310494 s2c tag=3 Rrdmouse x=1272 y=124 buttons=0 msec=1342178126 resized=32 (23B)
1790835310494 c2s tag=3 Trdmouse (6B)
1790835310494 c2s tag=4 Twrdraw data=76 (11B)
1790835310494 s2c tag=4 Rwrdraw count=1 (10B)
1790835310520 s2c tag=3 Rrdmouse x=1210 y=112 buttons=0 msec=1342178152 resized=32 (23B)
1790835310520 c2s tag=3 Trdmouse (6B)
1790835310521 c2s tag=4 Twrdraw data=76 (11B)
1790835310521 s2c tag=4 Rwrdraw count=1 (10B)
1790835310526 c2s tag=3 Trdmouse (6B)
1790835310526 s2c tag=3 Rrdmouse x=1120 y=98 buttons=0 msec=1342178158 resized=32 (23B)
1790835310526 c2s tag=4 Twrdraw data=76 (11B)
1790835310526 s2c tag=4 Rwrdraw count=1 (10B)
1790835310542 s2c tag=3 Rrdmouse x=1004 y=82 buttons=0 msec=1342178174 resized=32 (23B)
1790835310542 c2s tag=3 Trdmouse (6B)
1790835310542 c2s tag=4 Twrdraw data=76 (11B)
1790835310542 s2c tag=4 Rwrdraw count=1 (10B)
1790835310561 s2c tag=3 Rrdmouse x=838 y=76 buttons=0 msec=1342178192 resized=32 (23B)
1790835310561 c2s tag=3 Twrdraw data=76 (11B)
1790835310561 c2s tag=4 Trdmouse (6B)
1790835310561 s2c tag=3 Rwrdraw count=1 (10B)
1790835310579 s2c tag=4 Rrdmouse x=746 y=76 buttons=0 msec=1342178211 resized=32 (23B)
1790835310579 s2c tag=4 Rwrdraw count=1 (10B)
1790835310579 c2s tag=4 Twrdraw data=76 (11B)
1790835310579 c2s tag=2 Trdmouse (6B)
1790835310595 s2c tag=2 Rrdmouse x=636 y=76 buttons=0 msec=1342178227 resized=32 (23B)
1790835310596 c2s tag=2 Trdmouse (6B)
1790835310596 c2s tag=3 Twrdraw data=76 (11B)
1790835310596 s2c tag=3 Rwrdraw count=1 (10B)
1790835310612 s2c tag=2 Rrdmouse x=578 y=86 buttons=0 msec=1342178244 resized=32 (23B)
1790835310612 c2s tag=2 Trdmouse (6B)
1790835310612 c2s tag=3 Twrdraw data=76 (11B)
1790835310612 s2c tag=3 Rwrdraw count=1 (10B)
1790835310629 s2c tag=2 Rrdmouse x=538 y=92 buttons=0 msec=1342178261 resized=32 (23B)
1790835310629 c2s tag=2 Trdmouse (6B)
1790835310629 c2s tag=3 Twrdraw data=76 (11B)
1790835310629 s2c tag=3 Rwrdraw count=1 (10B)
1790835310646 s2c tag=2 Rrdmouse x=496 y=98 buttons=0 msec=1342178278 resized=32 (23B)
1790835310646 c2s tag=2 Trdmouse (6B)
1790835310646 c2s tag=3 Twrdraw data=76 (11B)
1790835310646 s2c tag=3 Rwrdraw count=1 (10B)
1790835310898 s2c tag=2 Rrdmouse x=486 y=98 buttons=0 msec=1342178530 resized=32 (23B)
1790835310898 c2s tag=2 Trdmouse (6B)
1790835310898 c2s tag=3 Twrdraw data=76 (11B)
1790835310898 s2c tag=3 Rwrdraw count=1 (10B)
1790835310915 s2c tag=2 Rrdmouse x=464 y=98 buttons=0 msec=1342178547 resized=32 (23B)
1790835310915 c2s tag=2 Trdmouse (6B)
1790835310915 c2s tag=3 Twrdraw data=76 (11B)
1790835310915 s2c tag=3 Rwrdraw count=1 (10B)
1790835310927 s2c tag=2 Rrdmouse x=436 y=92 buttons=0 msec=1342178559 resized=32 (23B)
1790835310927 c2s tag=2 Trdmouse (6B)
1790835310927 c2s tag=3 Twrdraw data=76 (11B)
1790835310928 s2c tag=3 Rwrdraw count=1 (10B)
1790835310949 s2c tag=2 Rrdmouse x=394 y=86 buttons=0 msec=1342178581 resized=32 (23B)
1790835310949 c2s tag=2 Trdmouse (6B)
1790835310949 c2s tag=3 Twrdraw data=76 (11B)
1790835310949 s2c tag=3 Rwrdraw count=1 (10B)
1790835310961 s2c tag=2 Rrdmouse x=348 y=80 buttons=0 msec=1342178593 resized=32 (23B)
1790835310961 c2s tag=2 Trdmouse (6B)
1790835310961 c2s tag=3 Twrdraw data=76 (11B)
1790835310961 s2c tag=3 Rwrdraw count=1 (10B)
1790835310977 s2c tag=2 Rrdmouse x=322 y=76 buttons=0 msec=1342178609 resized=32 (23B)
1790835310977 c2s tag=2 Trdmouse (6B)
1790835310977 c2s tag=3 Twrdraw data=76 (11B)
1790835310977 s2c tag=3 Rwrdraw count=1 (10B)
1790835310993 s2c tag=2 Rrdmouse x=300 y=72 buttons=0 msec=1342178625 resized=32 (23B)
1790835310993 c2s tag=2 Trdmouse (6B)
1790835310993 c2s tag=3 Twrdraw data=76 (11B)
1790835310994 s2c tag=3 Rwrdraw count=1 (10B)
1790835311010 s2c tag=2 Rrdmouse x=288 y=68 buttons=0 msec=1342178642 resized=32 (23B)
1790835311010 c2s tag=2 Trdmouse (6B)
1790835311010 c2s tag=3 Twrdraw data=76 (11B)
1790835311010 s2c tag=3 Rwrdraw count=1 (10B)
1790835311028 s2c tag=2 Rrdmouse x=280 y=68 buttons=0 msec=1342178659 resized=32 (23B)
1790835311028 c2s tag=2 Trdmouse (6B)
1790835311028 c2s tag=3 Twrdraw data=76 (11B)
1790835311028 s2c tag=3 Rwrdraw count=1 (10B)
1790835311042 s2c tag=2 Rrdmouse x=278 y=66 buttons=0 msec=1342178674 resized=32 (23B)
1790835311042 c2s tag=2 Trdmouse (6B)
1790835311042 s2c tag=3 Rwrdraw count=1 (10B)
1790835311042 c2s tag=3 Twrdraw data=76 (11B)
1790835311059 s2c tag=2 Rrdmouse x=278 y=64 buttons=0 msec=1342178692 resized=32 (23B)
1790835311060 c2s tag=2 Trdmouse (6B)
1790835311060 c2s tag=3 Twrdraw data=76 (11B)
1790835311060 s2c tag=3 Rwrdraw count=1 (10B)
1790835311094 s2c tag=2 Rrdmouse x=282 y=64 buttons=0 msec=1342178726 resized=32 (23B)
1790835311094 s2c tag=2 Rwrdraw count=1 (10B)
1790835311094 c2s tag=2 Twrdraw data=76 (11B)
1790835311094 c2s tag=3 Trdmouse (6B)
1790835311110 s2c tag=3 Rrdmouse x=306 y=62 buttons=0 msec=1342178742 resized=32 (23B)
1790835311110 c2s tag=3 Trdmouse (6B)
1790835311110 c2s tag=4 Twrdraw data=76 (11B)
1790835311110 s2c tag=4 Rwrdraw count=1 (10B)
1790835311126 s2c tag=3 Rrdmouse x=396 y=60 buttons=0 msec=1342178758 resized=32 (23B)
1790835311126 c2s tag=3 Trdmouse (6B)
1790835311126 c2s tag=4 Twrdraw data=76 (11B)
1790835311126 s2c tag=4 Rwrdraw count=1 (10B)
1790835311144 s2c tag=3 Rrdmouse x=544 y=60 buttons=0 msec=1342178776 resized=32 (23B)
1790835311144 c2s tag=3 Trdmouse (6B)
1790835311144 c2s tag=4 Twrdraw data=76 (11B)
1790835311145 s2c tag=4 Rwrdraw count=1 (10B)
1790835311160 s2c tag=3 Rrdmouse x=726 y=74 buttons=0 msec=1342178792 resized=32 (23B)
1790835311160 c2s tag=3 Trdmouse (6B)
1790835311160 c2s tag=4 Twrdraw data=76 (11B)
1790835311160 s2c tag=4 Rwrdraw count=1 (10B)
1790835311179 s2c tag=3 Rrdmouse x=866 y=98 buttons=0 msec=1342178811 resized=32 (23B)
1790835311179 c2s tag=3 Trdmouse (6B)
1790835311179 c2s tag=4 Twrdraw data=76 (11B)
1790835311179 s2c tag=4 Rwrdraw count=1 (10B)
1790835311199 c2s tag=3 Trdmouse (6B)
1790835311199 c2s tag=4 Twrdraw data=76 (11B)
1790835311199 s2c tag=3 Rrdmouse x=1030 y=126 buttons=0 msec=1342178830 resized=32 (23B)
1790835311199 s2c tag=4 Rwrdraw count=1 (10B)
1790835311211 s2c tag=3 Rrdmouse x=1120 y=146 buttons=0 msec=1342178844 resized=32 (23B)
1790835311212 c2s tag=3 Trdmouse (6B)
1790835311212 c2s tag=4 Twrdraw data=76 (11B)
1790835311212 s2c tag=4 Rwrdraw count=1 (10B)
1790835311229 s2c tag=3 Rrdmouse x=1202 y=166 buttons=0 msec=1342178861 resized=32 (23B)
1790835311229 c2s tag=3 Trdmouse (6B)
1790835311229 c2s tag=4 Twrdraw data=76 (11B)
1790835311229 s2c tag=4 Rwrdraw count=1 (10B)
1790835311242 s2c tag=3 Rrdmouse x=1234 y=172 buttons=0 msec=1342178874 resized=32 (23B)
1790835311242 c2s tag=3 Trdmouse (6B)
1790835311242 c2s tag=4 Twrdraw data=76 (11B)
1790835311242 s2c tag=4 Rwrdraw count=1 (10B)
1790835311262 s2c tag=3 Rrdmouse x=1254 y=176 buttons=0 msec=1342178894 resized=32 (23B)
1790835311262 c2s tag=3 Trdmouse (6B)
1790835311262 c2s tag=4 Twrdraw data=76 (11B)
1790835311262 s2c tag=4 Rwrdraw count=1 (10B)
1790835311280 s2c tag=3 Rrdmouse x=1260 y=178 buttons=0 msec=1342178911 resized=32 (23B)
1790835311280 c2s tag=3 Trdmouse (6B)
1790835311280 c2s tag=4 Twrdraw data=76 (11B)
1790835311280 s2c tag=4 Rwrdraw count=1 (10B)
1790835311534 s2c tag=3 Rrdmouse x=1262 y=176 buttons=0 msec=1342179166 resized=32 (23B)
1790835311534 c2s tag=3 Trdmouse (6B)
1790835311534 c2s tag=4 Twrdraw data=76 (11B)
1790835311534 s2c tag=4 Rwrdraw count=1 (10B)
1790835311542 s2c tag=3 Rrdmouse x=1298 y=158 buttons=0 msec=1342179174 resized=32 (23B)
1790835311542 c2s tag=3 Trdmouse (6B)
1790835311542 c2s tag=4 Twrdraw data=76 (11B)
1790835311542 s2c tag=4 Rwrdraw count=1 (10B)
1790835311561 s2c tag=3 Rrdmouse x=1330 y=146 buttons=0 msec=1342179193 resized=32 (23B)
1790835311561 c2s tag=3 Twrdraw data=76 (11B)
1790835311561 s2c tag=3 Rwrdraw count=1 (10B)
1790835311561 c2s tag=4 Trdmouse (6B)
1790835311578 s2c tag=4 Rrdmouse x=1368 y=132 buttons=0 msec=1342179211 resized=32 (23B)
1790835311579 c2s tag=4 Trdmouse (6B)
1790835311579 c2s tag=2 Twrdraw data=76 (11B)
1790835311579 s2c tag=2 Rwrdraw count=1 (10B)
1790835311602 s2c tag=4 Rrdmouse x=1410 y=122 buttons=0 msec=1342179234 resized=32 (23B)
1790835311602 c2s tag=4 Trdmouse (6B)
1790835311602 c2s tag=2 Twrdraw data=76 (11B)
1790835311602 s2c tag=2 Rwrdraw count=1 (10B)
1790835311612 s2c tag=4 Rrdmouse x=1444 y=114 buttons=0 msec=1342179244 resized=32 (23B)
1790835311612 c2s tag=4 Trdmouse (6B)
1790835311612 c2s tag=2 Twrdraw data=76 (11B)
1790835311612 s2c tag=2 Rwrdraw count=1 (10B)
1790835311630 s2c tag=4 Rrdmouse x=1478 y=106 buttons=0 msec=1342179261 resized=32 (23B)
1790835311630 c2s tag=4 Trdmouse (6B)
1790835311631 c2s tag=2 Twrdraw data=76 (11B)
1790835311631 s2c tag=2 Rwrdraw count=1 (10B)
1790835311643 s2c tag=4 Rrdmouse x=1496 y=100 buttons=0 msec=1342179276 resized=32 (23B)
1790835311644 c2s tag=4 Trdmouse (6B)
1790835311644 c2s tag=2 Twrdraw data=76 (11B)
1790835311644 s2c tag=2 Rwrdraw count=1 (10B)
1790835311662 s2c tag=4 Rrdmouse x=1510 y=96 buttons=0 msec=1342179294 resized=32 (23B)
1790835311662 c2s tag=4 Trdmouse (6B)
1790835311662 c2s tag=2 Twrdraw data=76 (11B)
1790835311662 s2c tag=2 Rwrdraw count=1 (10B)
1790835311677 s2c tag=4 Rrdmouse x=1518 y=92 buttons=0 msec=1342179309 resized=32 (23B)
1790835311677 c2s tag=4 Trdmouse (6B)
1790835311677 c2s tag=2 Twrdraw data=76 (11B)
1790835311677 s2c tag=2 Rwrdraw count=1 (10B)
1790835311694 s2c tag=4 Rrdmouse x=1528 y=88 buttons=0 msec=1342179326 resized=32 (23B)
1790835311694 c2s tag=4 Trdmouse (6B)
1790835311694 c2s tag=2 Twrdraw data=76 (11B)
1790835311694 s2c tag=2 Rwrdraw count=1 (10B)
1790835311710 s2c tag=4 Rrdmouse x=1532 y=86 buttons=0 msec=1342179342 resized=32 (23B)
1790835311710 c2s tag=4 Trdmouse (6B)
1790835311710 c2s tag=2 Twrdraw data=76 (11B)
1790835311710 s2c tag=2 Rwrdraw count=1 (10B)
1790835311727 s2c tag=4 Rrdmouse x=1538 y=82 buttons=0 msec=1342179359 resized=32 (23B)
1790835311727 c2s tag=4 Trdmouse (6B)
1790835311727 c2s tag=2 Twrdraw data=76 (11B)
1790835311727 s2c tag=2 Rwrdraw count=1 (10B)
1790835311746 c2s tag=4 Trdmouse (6B)
1790835311746 s2c tag=4 Rrdmouse x=1544 y=80 buttons=0 msec=1342179378 resized=32 (23B)
1790835311747 c2s tag=2 Twrdraw data=76 (11B)
1790835311747 s2c tag=2 Rwrdraw count=1 (10B)
1790835311760 s2c tag=4 Rrdmouse x=1548 y=78 buttons=0 msec=1342179392 resized=32 (23B)
1790835311760 c2s tag=4 Trdmouse (6B)
1790835311760 c2s tag=2 Twrdraw data=76 (11B)
1790835311760 s2c tag=2 Rwrdraw count=1 (10B)
1790835311785 s2c tag=4 Rrdmouse x=1552 y=76 buttons=0 msec=1342179417 resized=32 (23B)
1790835311785 c2s tag=4 Trdmouse (6B)
1790835311786 c2s tag=2 Twrdraw data=76 (11B)
1790835311786 s2c tag=2 Rwrdraw count=1 (10B)
1790835311793 s2c tag=4 Rrdmouse x=1554 y=76 buttons=0 msec=1342179425 resized=32 (23B)
1790835311793 c2s tag=4 Trdmouse (6B)
1790835311793 c2s tag=2 Twrdraw data=76 (11B)
1790835311793 s2c tag=2 Rwrdraw count=1 (10B)
1790835311831 c2s tag=4 Trdmouse (6B)
1790835311831 c2s tag=2 Twrdraw data=76 (11B)
1790835311831 s2c tag=4 Rrdmouse x=1556 y=76 buttons=0 msec=1342179463 resized=32 (23B)
1790835311831 s2c tag=2 Rwrdraw count=1 (10B)
1790835311912 s2c tag=4 Rrdmouse x=1556 y=74 buttons=0 msec=1342179544 resized=32 (23B)
1790835311912 c2s tag=4 Trdmouse (6B)
1790835311912 c2s tag=2 Twrdraw data=76 (11B)
1790835311913 s2c tag=2 Rwrdraw count=1 (10B)
1790835311977 s2c tag=4 Rrdmouse x=1554 y=74 buttons=0 msec=1342179609 resized=32 (23B)
1790835311977 c2s tag=4 Trdmouse (6B)
1790835311977 c2s tag=2 Twrdraw data=76 (11B)
1790835311978 s2c tag=2 Rwrdraw count=1 (10B)
1790835311993 s2c tag=4 Rrdmouse x=1550 y=74 buttons=0 msec=1342179625 resized=32 (23B)
1790835311993 c2s tag=4 Trdmouse (6B)
1790835311993 c2s tag=2 Twrdraw data=76 (11B)
1790835311993 s2c tag=2 Rwrdraw count=1 (10B)
1790835312009 c2s tag=4 Trdmouse (6B)
1790835312009 s2c tag=4 Rrdmouse x=1540 y=72 buttons=0 msec=1342179641 resized=32 (23B)
1790835312010 c2s tag=2 Twrdraw data=76 (11B)
1790835312010 s2c tag=2 Rwrdraw count=1 (10B)
1790835312032 s2c tag=4 Rrdmouse x=1522 y=70 buttons=0 msec=1342179664 resized=32 (23B)
1790835312032 c2s tag=4 Trdmouse (6B)
1790835312032 c2s tag=2 Twrdraw data=76 (11B)
1790835312032 s2c tag=2 Rwrdraw count=1 (10B)
1790835312042 s2c tag=4 Rrdmouse x=1500 y=66 buttons=0 msec=1342179674 resized=32 (23B)
1790835312042 c2s tag=4 Twrdraw data=76 (11B)
1790835312042 c2s tag=2 Trdmouse (6B)
1790835312042 s2c tag=4 Rwrdraw count=1 (10B)
1790835312061 s2c tag=2 Rrdmouse x=1474 y=62 buttons=0 msec=1342179693 resized=32 (23B)
1790835312061 c2s tag=2 Trdmouse (6B)
1790835312061 c2s tag=3 Twrdraw data=76 (11B)
1790835312061 s2c tag=3 Rwrdraw count=1 (10B)
1790835312081 s2c tag=2 Rrdmouse x=1460 y=60 buttons=0 msec=1342179713 resized=32 (23B)
1790835312082 c2s tag=2 Trdmouse (6B)
1790835312082 c2s tag=3 Twrdraw data=76 (11B)
1790835312082 s2c tag=3 Rwrdraw count=1 (10B)
1790835312093 s2c tag=2 Rrdmouse x=1444 y=56 buttons=0 msec=1342179725 resized=32 (23B)
1790835312093 c2s tag=2 Trdmouse (6B)
1790835312093 c2s tag=3 Twrdraw data=76 (11B)
1790835312093 s2c tag=3 Rwrdraw count=1 (10B)
1790835312112 s2c tag=2 Rrdmouse x=1436 y=56 buttons=0 msec=1342179744 resized=32 (23B)
1790835312113 c2s tag=2 Trdmouse (6B)
1790835312113 c2s tag=3 Twrdraw data=76 (11B)
1790835312113 s2c tag=3 Rwrdraw count=1 (10B)
1790835312129 s2c tag=2 Rrdmouse x=1434 y=56 buttons=0 msec=1342179761 resized=32 (23B)
1790835312129 c2s tag=2 Trdmouse (6B)
1790835312129 c2s tag=3 Twrdraw data=76 (11B)
1790835312129 s2c tag=3 Rwrdraw count=1 (10B)
1790835312151 s2c tag=2 Rrdmouse x=1432 y=56 buttons=0 msec=1342179783 resized=32 (23B)
1790835312151 c2s tag=2 Trdmouse (6B)
1790835312151 c2s tag=3 Twrdraw data=76 (11B)
1790835312151 s2c tag=3 Rwrdraw count=1 (10B)
1790835312197 s2c tag=2 Rrdmouse x=1434 y=56 buttons=0 msec=1342179829 resized=32 (23B)
1790835312197 c2s tag=2 Twrdraw data=76 (11B)
1790835312197 c2s tag=3 Trdmouse (6B)
1790835312199 s2c tag=2 Rwrdraw count=1 (10B)
1790835312212 s2c tag=3 Rrdmouse x=1436 y=56 buttons=0 msec=1342179844 resized=32 (23B)
1790835312213 c2s tag=3 Trdmouse (6B)
1790835312213 c2s tag=4 Twrdraw data=76 (11B)
1790835312213 s2c tag=4 Rwrdraw count=1 (10B)
1790835312227 s2c tag=3 Rrdmouse x=1444 y=56 buttons=0 msec=1342179859 resized=32 (23B)
1790835312227 c2s tag=3 Trdmouse (6B)
1790835312227 c2s tag=4 Twrdraw data=76 (11B)
1790835312227 s2c tag=4 Rwrdraw count=1 (10B)
1790835312241 s2c tag=3 Rrdmouse x=1460 y=56 buttons=0 msec=1342179873 resized=32 (23B)
1790835312241 c2s tag=3 Trdmouse (6B)
1790835312241 c2s tag=4 Twrdraw data=76 (11B)
1790835312241 s2c tag=4 Rwrdraw count=1 (10B)
1790835312260 s2c tag=3 Rrdmouse x=1498 y=56 buttons=0 msec=1342179892 resized=32 (23B)
1790835312260 c2s tag=3 Trdmouse (6B)
1790835312260 c2s tag=4 Twrdraw data=76 (11B)
1790835312260 s2c tag=4 Rwrdraw count=1 (10B)
1790835312288 s2c tag=3 Rrdmouse x=1528 y=56 buttons=0 msec=1342179920 resized=32 (23B)
1790835312288 c2s tag=3 Trdmouse (6B)
1790835312288 c2s tag=4 Twrdraw data=76 (11B)
1790835312288 s2c tag=4 Rwrdraw count=1 (10B)
1790835312295 s2c tag=3 Rrdmouse x=1570 y=56 buttons=0 msec=1342179927 resized=32 (23B)
1790835312295 c2s tag=3 Trdmouse (6B)
1790835312295 c2s tag=4 Twrdraw data=76 (11B)
1790835312296 s2c tag=4 Rwrdraw count=1 (10B)
1790835312310 s2c tag=3 Rrdmouse x=1590 y=56 buttons=0 msec=1342179942 resized=32 (23B)
1790835312310 c2s tag=3 Trdmouse (6B)
1790835312310 c2s tag=4 Twrdraw data=76 (11B)
1790835312310 s2c tag=4 Rwrdraw count=1 (10B)
1790835312333 s2c tag=3 Rrdmouse x=1608 y=56 buttons=0 msec=1342179965 resized=32 (23B)
1790835312333 c2s tag=3 Twrdraw data=76 (11B)
1790835312333 s2c tag=3 Rwrdraw count=1 (10B)
1790835312333 c2s tag=4 Trdmouse (6B)
1790835312343 s2c tag=4 Rrdmouse x=1620 y=58 buttons=0 msec=1342179975 resized=32 (23B)
1790835312343 c2s tag=4 Trdmouse (6B)
1790835312343 c2s tag=2 Twrdraw data=76 (11B)
1790835312343 s2c tag=2 Rwrdraw count=1 (10B)
1790835312363 s2c tag=4 Rrdmouse x=1624 y=60 buttons=0 msec=1342179995 resized=32 (23B)
1790835312363 c2s tag=4 Twrdraw data=76 (11B)
1790835312363 c2s tag=2 Trdmouse (6B)
1790835312363 s2c tag=4 Rwrdraw count=1 (10B)
1790835312376 s2c tag=2 Rrdmouse x=1626 y=60 buttons=0 msec=1342180008 resized=32 (23B)
1790835312376 c2s tag=2 Trdmouse (6B)
1790835312376 c2s tag=3 Twrdraw data=76 (11B)
1790835312376 s2c tag=3 Rwrdraw count=1 (10B)
1790835312394 s2c tag=2 Rrdmouse x=1626 y=62 buttons=0 msec=1342180026 resized=32 (23B)
1790835312394 c2s tag=2 Trdmouse (6B)
1790835312395 c2s tag=3 Twrdraw data=76 (11B)
1790835312395 s2c tag=3 Rwrdraw count=1 (10B)
1790835312413 s2c tag=2 Rrdmouse x=1628 y=62 buttons=0 msec=1342180046 resized=32 (23B)
1790835312414 c2s tag=2 Trdmouse (6B)
1790835312414 c2s tag=3 Twrdraw data=76 (11B)
1790835312414 s2c tag=3 Rwrdraw count=1 (10B)
1790835312447 s2c tag=2 Rrdmouse x=1628 y=64 buttons=0 msec=1342180079 resized=32 (23B)
1790835312447 c2s tag=2 Trdmouse (6B)
1790835312447 c2s tag=3 Twrdraw data=76 (11B)
1790835312447 s2c tag=3 Rwrdraw count=1 (10B)
1790835312493 s2c tag=2 Rrdmouse x=1628 y=66 buttons=0 msec=1342180125 resized=32 (23B)
1790835312493 c2s tag=2 Trdmouse (6B)
1790835312493 c2s tag=3 Twrdraw data=76 (11B)
1790835312493 s2c tag=3 Rwrdraw count=1 (10B)
1790835312613 s2c tag=2 Rrdmouse x=1628 y=68 buttons=0 msec=1342180245 resized=32 (23B)
1790835312613 c2s tag=2 Trdmouse (6B)
1790835312613 c2s tag=3 Twrdraw data=76 (11B)
1790835312613 s2c tag=3 Rwrdraw count=1 (10B)
1790835312650 s2c tag=2 Rrdmouse x=1630 y=68 buttons=0 msec=1342180282 resized=32 (23B)
1790835312650 c2s tag=2 Trdmouse (6B)
1790835312650 c2s tag=3 Twrdraw data=76 (11B)
1790835312650 s2c tag=3 Rwrdraw count=1 (10B)
1790835312695 s2c tag=2 Rrdmouse x=1630 y=70 buttons=0 msec=1342180327 resized=32 (23B)
1790835312695 c2s tag=2 Trdmouse (6B)
1790835312695 c2s tag=3 Twrdraw data=76 (11B)
1790835312695 s2c tag=3 Rwrdraw count=1 (10B)
1790835312748 s2c tag=2 Rrdmouse x=1630 y=72 buttons=0 msec=1342180380 resized=32 (23B)
1790835312748 c2s tag=2 Trdmouse (6B)
1790835312748 c2s tag=3 Twrdraw data=76 (11B)
1790835312749 s2c tag=3 Rwrdraw count=1 (10B)
1790835312795 s2c tag=2 Rrdmouse x=1630 y=74 buttons=0 msec=1342180426 resized=32 (23B)
1790835312795 c2s tag=2 Trdmouse (6B)
1790835312795 c2s tag=3 Twrdraw data=76 (11B)
1790835312795 s2c tag=3 Rwrdraw count=1 (10B)
1790835312840 s2c tag=2 Rrdmouse x=1630 y=76 buttons=0 msec=1342180470 resized=32 (23B)
1790835312841 c2s tag=2 Trdmouse (6B)
1790835312841 c2s tag=3 Twrdraw data=76 (11B)
1790835312841 s2c tag=3 Rwrdraw count=1 (10B)
1790835312846 c2s tag=2 Trdmouse (6B)
1790835312846 s2c tag=2 Rrdmouse x=1628 y=76 buttons=0 msec=1342180477 resized=32 (23B)
1790835312846 c2s tag=3 Twrdraw data=76 (11B)
1790835312846 s2c tag=3 Rwrdraw count=1 (10B)
1790835312901 s2c tag=2 Rrdmouse x=1628 y=78 buttons=0 msec=1342180533 resized=32 (23B)
1790835312902 c2s tag=2 Trdmouse (6B)
1790835312902 s2c tag=3 Rwrdraw count=1 (10B)
1790835312902 c2s tag=3 Twrdraw data=76 (11B)
1790835313016 s2c tag=2 Rrdmouse x=1632 y=76 buttons=0 msec=1342180647 resized=32 (23B)
1790835313016 c2s tag=2 Trdmouse (6B)
1790835313016 c2s tag=3 Twrdraw data=76 (11B)
1790835313016 s2c tag=3 Rwrdraw count=1 (10B)
1790835313027 s2c tag=2 Rrdmouse x=1648 y=76 buttons=0 msec=1342180659 resized=32 (23B)
1790835313027 c2s tag=2 Trdmouse (6B)
1790835313027 c2s tag=3 Twrdraw data=76 (11B)
1790835313027 s2c tag=3 Rwrdraw count=1 (10B)
1790835313045 s2c tag=2 Rrdmouse x=1674 y=76 buttons=0 msec=1342180677 resized=32 (23B)
1790835313045 c2s tag=2 Trdmouse (6B)
1790835313045 c2s tag=3 Twrdraw data=76 (11B)
1790835313046 s2c tag=3 Rwrdraw count=1 (10B)
1790835313063 s2c tag=2 Rrdmouse x=1706 y=76 buttons=0 msec=1342180695 resized=32 (23B)
1790835313063 c2s tag=2 Trdmouse (6B)
1790835313063 c2s tag=3 Twrdraw data=76 (11B)
1790835313063 s2c tag=3 Rwrdraw count=1 (10B)
1790835313078 s2c tag=2 Rrdmouse x=1758 y=76 buttons=0 msec=1342180709 resized=32 (23B)
1790835313080 c2s tag=2 Trdmouse (6B)
1790835313080 c2s tag=3 Twrdraw data=76 (11B)
1790835313080 s2c tag=3 Rwrdraw count=1 (10B)
1790835313094 s2c tag=2 Rrdmouse x=1792 y=76 buttons=0 msec=1342180726 resized=32 (23B)
1790835313095 c2s tag=2 Trdmouse (6B)
1790835313095 c2s tag=3 Twrdraw data=76 (11B)
1790835313095 s2c tag=3 Rwrdraw count=1 (10B)
1790835313112 c2s tag=2 Trdmouse (6B)
1790835313112 s2c tag=2 Rrdmouse x=1808 y=76 buttons=0 msec=1342180743 resized=32 (23B)
1790835313113 c2s tag=3 Twrdraw data=76 (11B)
1790835313113 s2c tag=3 Rwrdraw count=1 (10B)
1790835313127 s2c tag=2 Rrdmouse x=1824 y=76 buttons=0 msec=1342180759 resized=32 (23B)
1790835313128 c2s tag=2 Trdmouse (6B)
1790835313128 c2s tag=3 Twrdraw data=76 (11B)
1790835313128 s2c tag=3 Rwrdraw count=1 (10B)
1790835313151 s2c tag=2 Rrdmouse x=1826 y=76 buttons=0 msec=1342180783 resized=32 (23B)
1790835313152 c2s tag=2 Trdmouse (6B)
1790835313152 c2s tag=3 Twrdraw data=76 (11B)
1790835313152 s2c tag=3 Rwrdraw count=1 (10B)
1790835313162 s2c tag=2 Rrdmouse x=1832 y=76 buttons=0 msec=1342180793 resized=32 (23B)
1790835313162 c2s tag=2 Trdmouse (6B)
1790835313162 s2c tag=3 Rwrdraw count=1 (10B)
1790835313162 c2s tag=3 Twrdraw data=76 (11B)
1790835313178 s2c tag=2 Rrdmouse x=1834 y=76 buttons=0 msec=1342180810 resized=32 (23B)
1790835313179 c2s tag=2 Trdmouse (6B)
1790835313179 c2s tag=3 Twrdraw data=76 (11B)
1790835313179 s2c tag=3 Rwrdraw count=1 (10B)
1790835313832 s2c tag=2 Rrdmouse x=1834 y=78 buttons=0 msec=1342181464 resized=32 (23B)
1790835313832 c2s tag=2 Trdmouse (6B)
1790835313833 c2s tag=3 Twrdraw data=76 (11B)
1790835313833 s2c tag=3 Rwrdraw count=1 (10B)
1790835313861 s2c tag=2 Rrdmouse x=1832 y=78 buttons=0 msec=1342181493 resized=32 (23B)
1790835313861 c2s tag=2 Trdmouse (6B)
1790835313861 c2s tag=3 Twrdraw data=76 (11B)
1790835313861 s2c tag=3 Rwrdraw count=1 (10B)
1790835313913 s2c tag=2 Rrdmouse x=1832 y=80 buttons=0 msec=1342181545 resized=32 (23B)
1790835313913 c2s tag=2 Trdmouse (6B)
1790835313914 c2s tag=3 Twrdraw data=76 (11B)
1790835313914 s2c tag=3 Rwrdraw count=1 (10B)
1790835313963 s2c tag=2 Rrdmouse x=1830 y=80 buttons=0 msec=1342181595 resized=32 (23B)
1790835313967 c2s tag=2 Trdmouse (6B)
1790835313967 c2s tag=3 Twrdraw data=76 (11B)
1790835313967 s2c tag=3 Rwrdraw count=1 (10B)
1790835314030 s2c tag=2 Rrdmouse x=1830 y=82 buttons=0 msec=1342181661 resized=32 (23B)
1790835314030 c2s tag=2 Trdmouse (6B)
1790835314030 c2s tag=3 Twrdraw data=76 (11B)
1790835314031 s2c tag=3 Rwrdraw count=1 (10B)
1790835314067 s2c tag=2 Rrdmouse x=1828 y=82 buttons=0 msec=1342181699 resized=32 (23B)
1790835314067 c2s tag=2 Trdmouse (6B)
1790835314067 c2s tag=3 Twrdraw data=76 (11B)
1790835314068 s2c tag=3 Rwrdraw count=1 (10B)
1790835314078 s2c tag=2 Rrdmouse x=1826 y=82 buttons=0 msec=1342181710 resized=32 (23B)
1790835314078 c2s tag=2 Trdmouse (6B)
1790835314078 c2s tag=3 Twrdraw data=76 (11B)
1790835314079 s2c tag=3 Rwrdraw count=1 (10B)
1790835314130 s2c tag=2 Rrdmouse x=1824 y=82 buttons=0 msec=1342181762 resized=32 (23B)
1790835314131 c2s tag=2 Trdmouse (6B)
1790835314131 c2s tag=3 Twrdraw data=76 (11B)
1790835314131 s2c tag=3 Rwrdraw count=1 (10B)
1790835314166 s2c tag=2 Rrdmouse x=1822 y=82 buttons=0 msec=1342181798 resized=32 (23B)
1790835314167 c2s tag=2 Trdmouse (6B)
1790835314168 c2s tag=3 Twrdraw data=76 (11B)
1790835314168 s2c tag=3 Rwrdraw count=1 (10B)
1790835314197 s2c tag=2 Rrdmouse x=1820 y=82 buttons=0 msec=1342181828 resized=32 (23B)
1790835314198 c2s tag=2 Trdmouse (6B)
1790835314198 c2s tag=3 Twrdraw data=76 (11B)
1790835314201 s2c tag=3 Rwrdraw count=1 (10B)
1790835314210 s2c tag=2 Rrdmouse x=1818 y=84 buttons=0 msec=1342181842 resized=32 (23B)
1790835314210 c2s tag=2 Trdmouse (6B)
1790835314211 c2s tag=3 Twrdraw data=76 (11B)
1790835314211 s2c tag=3 Rwrdraw count=1 (10B)
1790835314244 s2c tag=2 Rrdmouse x=1816 y=84 buttons=0 msec=1342181876 resized=32 (23B)
1790835314244 s2c tag=3 Rwrdraw count=1 (10B)
1790835314244 c2s tag=2 Trdmouse (6B)
1790835314244 c2s tag=3 Twrdraw data=76 (11B)
1790835314281 s2c tag=2 Rrdmouse x=1814 y=86 buttons=0 msec=1342181913 resized=32 (23B)
1790835314282 c2s tag=2 Trdmouse (6B)
1790835314282 c2s tag=3 Twrdraw data=76 (11B)
1790835314282 s2c tag=3 Rwrdraw count=1 (10B)
1790835314479 s2c tag=2 Rrdmouse x=1804 y=86 buttons=0 msec=1342182111 resized=32 (23B)
1790835314481 c2s tag=2 Trdmouse (6B)
1790835314481 c2s tag=3 Twrdraw data=76 (11B)
1790835314481 s2c tag=3 Rwrdraw count=1 (10B)
1790835314497 s2c tag=2 Rrdmouse x=1792 y=88 buttons=0 msec=1342182128 resized=32 (23B)
1790835314497 c2s tag=2 Trdmouse (6B)
1790835314498 c2s tag=3 Twrdraw data=76 (11B)
1790835314498 s2c tag=3 Rwrdraw count=1 (10B)
1790835314518 s2c tag=2 Rrdmouse x=1774 y=90 buttons=0 msec=1342182150 resized=32 (23B)
1790835314519 c2s tag=2 Trdmouse (6B)
1790835314520 s2c tag=3 Rwrdraw count=1 (10B)
1790835314520 c2s tag=3 Twrdraw data=76 (11B)
1790835314535 c2s tag=2 Trdmouse (6B)
1790835314536 s2c tag=2 Rrdmouse x=1756 y=92 buttons=0 msec=1342182167 resized=32 (23B)
1790835314536 c2s tag=3 Twrdraw data=76 (11B)
1790835314536 s2c tag=3 Rwrdraw count=1 (10B)
1790835314543 s2c tag=2 Rrdmouse x=1740 y=92 buttons=0 msec=1342182175 resized=32 (23B)
1790835314543 c2s tag=2 Trdmouse (6B)
1790835314543 c2s tag=3 Twrdraw data=76 (11B)
1790835314543 s2c tag=3 Rwrdraw count=1 (10B)
1790835314560 s2c tag=2 Rrdmouse x=1726 y=92 buttons=0 msec=1342182192 resized=32 (23B)
1790835314560 c2s tag=2 Trdmouse (6B)
1790835314560 c2s tag=3 Twrdraw data=76 (11B)
1790835314560 s2c tag=3 Rwrdraw count=1 (10B)
1790835314579 s2c tag=2 Rrdmouse x=1710 y=92 buttons=0 msec=1342182211 resized=32 (23B)
1790835314579 c2s tag=2 Trdmouse (6B)
1790835314579 c2s tag=3 Twrdraw data=76 (11B)
1790835314579 s2c tag=3 Rwrdraw count=1 (10B)
1790835314594 c2s tag=2 Trdmouse (6B)
1790835314594 c2s tag=3 Twrdraw data=76 (11B)
1790835314594 s2c tag=2 Rrdmouse x=1696 y=92 buttons=0 msec=1342182226 resized=32 (23B)
1790835314594 s2c tag=3 Rwrdraw count=1 (10B)
1790835314611 s2c tag=2 Rrdmouse x=1684 y=92 buttons=0 msec=1342182243 resized=32 (23B)
1790835314611 c2s tag=2 Trdmouse (6B)
1790835314611 c2s tag=3 Twrdraw data=76 (11B)
1790835314611 s2c tag=3 Rwrdraw count=1 (10B)
1790835314627 s2c tag=2 Rrdmouse x=1678 y=90 buttons=0 msec=1342182259 resized=32 (23B)
1790835314627 c2s tag=2 Trdmouse (6B)
1790835314627 c2s tag=3 Twrdraw data=76 (11B)
1790835314627 s2c tag=3 Rwrdraw count=1 (10B)
1790835314645 s2c tag=2 Rrdmouse x=1674 y=90 buttons=0 msec=1342182277 resized=32 (23B)
1790835314645 c2s tag=2 Trdmouse (6B)
1790835314645 c2s tag=3 Twrdraw data=76 (11B)
1790835314645 s2c tag=3 Rwrdraw count=1 (10B)
1790835314661 s2c tag=2 Rrdmouse x=1672 y=90 buttons=0 msec=1342182293 resized=32 (23B)
1790835314662 c2s tag=2 Trdmouse (6B)
1790835314662 c2s tag=3 Twrdraw data=76 (11B)
1790835314662 s2c tag=3 Rwrdraw count=1 (10B)
1790835314679 s2c tag=2 Rrdmouse x=1670 y=90 buttons=0 msec=1342182311 resized=32 (23B)
1790835314679 c2s tag=2 Trdmouse (6B)
1790835314679 c2s tag=3 Twrdraw data=76 (11B)
1790835314680 s2c tag=3 Rwrdraw count=1 (10B)
1790835314981 s2c tag=2 Rrdmouse x=1668 y=90 buttons=0 msec=1342182613 resized=32 (23B)
1790835314981 c2s tag=2 Trdmouse (6B)
1790835314981 c2s tag=3 Twrdraw data=76 (11B)
1790835314982 s2c tag=3 Rwrdraw count=1 (10B)
1790835314999 s2c tag=2 Rrdmouse x=1664 y=92 buttons=0 msec=1342182631 resized=32 (23B)
1790835314999 c2s tag=2 Trdmouse (6B)
1790835315000 c2s tag=3 Twrdraw data=76 (11B)
1790835315001 s2c tag=3 Rwrdraw count=1 (10B)
1790835315011 s2c tag=2 Rrdmouse x=1662 y=94 buttons=0 msec=1342182643 resized=32 (23B)
1790835315012 c2s tag=2 Trdmouse (6B)
1790835315012 c2s tag=3 Twrdraw data=76 (11B)
1790835315013 s2c tag=3 Rwrdraw count=1 (10B)
1790835315029 s2c tag=2 Rrdmouse x=1656 y=96 buttons=0 msec=1342182660 resized=32 (23B)
1790835315029 c2s tag=2 Trdmouse (6B)
1790835315030 c2s tag=3 Twrdraw data=76 (11B)
1790835315030 s2c tag=3 Rwrdraw count=1 (10B)
1790835315048 s2c tag=2 Rrdmouse x=1650 y=98 buttons=0 msec=1342182680 resized=32 (23B)
1790835315048 c2s tag=2 Trdmouse (6B)
1790835315049 c2s tag=3 Twrdraw data=76 (11B)
1790835315049 s2c tag=3 Rwrdraw count=1 (10B)
1790835315064 s2c tag=2 Rrdmouse x=1642 y=100 buttons=0 msec=1342182696 resized=32 (23B)
1790835315065 c2s tag=2 Trdmouse (6B)
1790835315065 c2s tag=3 Twrdraw data=76 (11B)
1790835315065 s2c tag=3 Rwrdraw count=1 (10B)
1790835315081 s2c tag=2 Rrdmouse x=1636 y=102 buttons=0 msec=1342182713 resized=32 (23B)
1790835315081 c2s tag=2 Trdmouse (6B)
1790835315082 c2s tag=3 Twrdraw data=76 (11B)
1790835315082 s2c tag=3 Rwrdraw count=1 (10B)
1790835315097 s2c tag=2 Rrdmouse x=1632 y=102 buttons=0 msec=1342182729 resized=32 (23B)
1790835315097 s2c tag=3 Rwrdraw count=1 (10B)
1790835315098 c2s tag=2 Trdmouse (6B)
1790835315098 c2s tag=3 Twrdraw data=76 (11B)
1790835315116 s2c tag=2 Rrdmouse x=1624 y=104 buttons=0 msec=1342182748 resized=32 (23B)
1790835315116 c2s tag=2 Trdmouse (6B)
1790835315116 c2s tag=3 Twrdraw data=76 (11B)
1790835315116 s2c tag=3 Rwrdraw count=1 (10B)
1790835315128 s2c tag=2 Rrdmouse x=1618 y=104 buttons=0 msec=1342182760 resized=32 (23B)
1790835315128 c2s tag=2 Trdmouse (6B)
1790835315128 c2s tag=3 Twrdraw data=76 (11B)
1790835315128 s2c tag=3 Rwrdraw count=1 (10B)
1790835315147 s2c tag=2 Rrdmouse x=1612 y=104 buttons=0 msec=1342182779 resized=32 (23B)
1790835315147 c2s tag=2 Trdmouse (6B)
1790835315147 c2s tag=3 Twrdraw data=76 (11B)
1790835315148 s2c tag=3 Rwrdraw count=1 (10B)
1790835315167 s2c tag=2 Rrdmouse x=1606 y=104 buttons=0 msec=1342182799 resized=32 (23B)
1790835315167 c2s tag=2 Trdmouse (6B)
1790835315167 c2s tag=3 Twrdraw data=76 (11B)
1790835315167 s2c tag=3 Rwrdraw count=1 (10B)
1790835315182 s2c tag=2 Rrdmouse x=1600 y=104 buttons=0 msec=1342182813 resized=32 (23B)
1790835315182 c2s tag=2 Twrdraw data=76 (11B)
1790835315182 c2s tag=3 Trdmouse (6B)
1790835315183 s2c tag=2 Rwrdraw count=1 (10B)
1790835315197 s2c tag=3 Rrdmouse x=1592 y=104 buttons=0 msec=1342182828 resized=32 (23B)
1790835315197 c2s tag=3 Trdmouse (6B)
1790835315198 c2s tag=4 Twrdraw data=76 (11B)
1790835315199 s2c tag=4 Rwrdraw count=1 (10B)
1790835315224 s2c tag=3 Rrdmouse x=1584 y=102 buttons=0 msec=1342182855 resized=32 (23B)
1790835315232 c2s tag=3 Trdmouse (6B)
1790835315232 c2s tag=4 Twrdraw data=76 (11B)
1790835315236 s2c tag=4 Rwrdraw count=1 (10B)
1790835315238 s2c tag=3 Rrdmouse x=1576 y=100 buttons=0 msec=1342182869 resized=32 (23B)
1790835315238 c2s tag=3 Trdmouse (6B)
1790835315238 c2s tag=4 Twrdraw data=76 (11B)
1790835315241 s2c tag=4 Rwrdraw count=1 (10B)
1790835315249 s2c tag=3 Rrdmouse x=1570 y=98 buttons=0 msec=1342182880 resized=32 (23B)
1790835315250 c2s tag=3 Twrdraw data=76 (11B)
1790835315250 c2s tag=4 Trdmouse (6B)
1790835315250 s2c tag=3 Rwrdraw count=1 (10B)
1790835315263 s2c tag=4 Rrdmouse x=1562 y=98 buttons=0 msec=1342182895 resized=32 (23B)
1790835315263 c2s tag=4 Trdmouse (6B)
1790835315263 c2s tag=2 Twrdraw data=76 (11B)
1790835315263 s2c tag=2 Rwrdraw count=1 (10B)
1790835315279 s2c tag=4 Rrdmouse x=1558 y=98 buttons=0 msec=1342182911 resized=32 (23B)
1790835315279 c2s tag=4 Trdmouse (6B)
1790835315279 s2c tag=2 Rwrdraw count=1 (10B)
1790835315279 c2s tag=2 Twrdraw data=76 (11B)
1790835315294 s2c tag=4 Rrdmouse x=1556 y=98 buttons=0 msec=1342182926 resized=32 (23B)
1790835315294 c2s tag=4 Trdmouse (6B)
1790835315294 c2s tag=2 Twrdraw data=76 (11B)
1790835315294 s2c tag=2 Rwrdraw count=1 (10B)
1790835315311 s2c tag=4 Rrdmouse x=1554 y=98 buttons=0 msec=1342182943 resized=32 (23B)
1790835315311 c2s tag=4 Trdmouse (6B)
1790835315312 c2s tag=2 Twrdraw data=76 (11B)
1790835315312 s2c tag=2 Rwrdraw count=1 (10B)
1790835315357 s2c tag=4 Rrdmouse x=1552 y=98 buttons=0 msec=1342182989 resized=32 (23B)
1790835315358 c2s tag=4 Trdmouse (6B)
1790835315358 c2s tag=2 Twrdraw data=76 (11B)
1790835315358 s2c tag=2 Rwrdraw count=1 (10B)
1790835315550 s2c tag=4 Rrdmouse x=1552 y=96 buttons=0 msec=1342183182 resized=32 (23B)
1790835315551 c2s tag=4 Trdmouse (6B)
1790835315551 c2s tag=2 Twrdraw data=76 (11B)
1790835315552 s2c tag=2 Rwrdraw count=1 (10B)
1790835315598 s2c tag=4 Rrdmouse x=1552 y=94 buttons=0 msec=1342183230 resized=32 (23B)
1790835315598 c2s tag=4 Trdmouse (6B)
1790835315599 c2s tag=2 Twrdraw data=76 (11B)
1790835315599 s2c tag=2 Rwrdraw count=1 (10B)
1790835315611 s2c tag=4 Rrdmouse x=1552 y=92 buttons=0 msec=1342183243 resized=32 (23B)
1790835315611 c2s tag=4 Trdmouse (6B)
1790835315611 c2s tag=2 Twrdraw data=76 (11B)
1790835315611 s2c tag=2 Rwrdraw count=1 (10B)
1790835315646 s2c tag=4 Rrdmouse x=1550 y=88 buttons=0 msec=1342183278 resized=32 (23B)
1790835315646 c2s tag=4 Trdmouse (6B)
1790835315646 c2s tag=2 Twrdraw data=76 (11B)
1790835315646 s2c tag=2 Rwrdraw count=1 (10B)
1790835315662 s2c tag=4 Rrdmouse x=1546 y=86 buttons=0 msec=1342183294 resized=32 (23B)
1790835315663 c2s tag=4 Trdmouse (6B)
1790835315663 c2s tag=2 Twrdraw data=76 (11B)
1790835315663 s2c tag=2 Rwrdraw count=1 (10B)
1790835315680 s2c tag=4 Rrdmouse x=1528 y=72 buttons=0 msec=1342183311 resized=32 (23B)
1790835315682 c2s tag=4 Trdmouse (6B)
1790835315682 c2s tag=2 Twrdraw data=76 (11B)
1790835315682 s2c tag=2 Rwrdraw count=1 (10B)
1790835315696 s2c tag=4 Rrdmouse x=1502 y=56 buttons=0 msec=1342183328 resized=32 (23B)
1790835315697 c2s tag=4 Trdmouse (6B)
1790835315697 c2s tag=2 Twrdraw data=76 (11B)
1790835315697 s2c tag=2 Rwrdraw count=1 (10B)
1790835315721 s2c tag=4 Rrdmouse x=1474 y=40 buttons=0 msec=1342183353 resized=32 (23B)
1790835315721 c2s tag=4 Trdmouse (6B)
1790835315721 c2s tag=2 Twrdraw data=76 (11B)
1790835315721 s2c tag=2 Rwrdraw count=1 (10B)
1790835315730 s2c tag=4 Rrdmouse x=1446 y=20 buttons=0 msec=1342183362 resized=32 (23B)
1790835315730 c2s tag=4 Trdmouse (6B)
1790835315731 c2s tag=2 Twrdraw data=76 (11B)
1790835315731 s2c tag=2 Rwrdraw count=1 (10B)
1790835315747 s2c tag=4 Rrdmouse x=1420 y=4 buttons=0 msec=1342183379 resized=32 (23B)
1790835315747 c2s tag=4 Trdmouse (6B)
1790835315747 c2s tag=2 Twrdraw data=76 (11B)
1790835315747 s2c tag=2 Rwrdraw count=1 (10B)
1790835320394 s2c tag=4 Rrdmouse x=1398 y=14 buttons=0 msec=1342188027 resized=32 (23B)
1790835320395 c2s tag=4 Trdmouse (6B)
1790835320396 c2s tag=2 Twrdraw data=76 (11B)
1790835320396 s2c tag=2 Rwrdraw count=1 (10B)
1790835320416 s2c tag=4 Rrdmouse x=1410 y=28 buttons=0 msec=1342188048 resized=32 (23B)
1790835320416 c2s tag=4 Trdmouse (6B)
1790835320416 s2c tag=2 Rwrdraw count=1 (10B)
1790835320416 c2s tag=2 Twrdraw data=76 (11B)
1790835320430 s2c tag=4 Rrdmouse x=1424 y=38 buttons=0 msec=1342188062 resized=32 (23B)
1790835320430 c2s tag=4 Trdmouse (6B)
1790835320430 c2s tag=2 Twrdraw data=76 (11B)
1790835320430 s2c tag=2 Rwrdraw count=1 (10B)
1790835320457 s2c tag=4 Rrdmouse x=1436 y=46 buttons=0 msec=1342188089 resized=32 (23B)
1790835320457 c2s tag=4 Trdmouse (6B)
1790835320457 c2s tag=2 Twrdraw data=76 (11B)
1790835320457 s2c tag=2 Rwrdraw count=1 (10B)
1790835320461 s2c tag=4 Rrdmouse x=1446 y=50 buttons=0 msec=1342188093 resized=32 (23B)
1790835320461 c2s tag=4 Trdmouse (6B)
1790835320461 s2c tag=2 Rwrdraw count=1 (10B)
1790835320461 c2s tag=2 Twrdraw data=76 (11B)
1790835320480 s2c tag=4 Rrdmouse x=1454 y=56 buttons=0 msec=1342188112 resized=32 (23B)
1790835320480 c2s tag=4 Trdmouse (6B)
1790835320480 c2s tag=2 Twrdraw data=76 (11B)
1790835320480 s2c tag=2 Rwrdraw count=1 (10B)
1790835320497 s2c tag=4 Rrdmouse x=1460 y=58 buttons=0 msec=1342188129 resized=32 (23B)
1790835320497 c2s tag=4 Trdmouse (6B)
1790835320497 c2s tag=2 Twrdraw data=76 (11B)
1790835320497 s2c tag=2 Rwrdraw count=1 (10B)
1790835320524 s2c tag=4 Rrdmouse x=1466 y=58 buttons=0 msec=1342188156 resized=32 (23B)
1790835320524 c2s tag=4 Trdmouse (6B)
1790835320524 c2s tag=2 Twrdraw data=76 (11B)
1790835320524 s2c tag=2 Rwrdraw count=1 (10B)
1790835320529 s2c tag=4 Rrdmouse x=1472 y=60 buttons=0 msec=1342188161 resized=32 (23B)
1790835320529 c2s tag=4 Trdmouse (6B)
1790835320529 c2s tag=2 Twrdraw data=76 (11B)
1790835320529 s2c tag=2 Rwrdraw count=1 (10B)
1790835320560 s2c tag=4 Rrdmouse x=1474 y=60 buttons=0 msec=1342188192 resized=32 (23B)
1790835320560 c2s tag=4 Trdmouse (6B)
1790835320560 c2s tag=2 Twrdraw data=76 (11B)
1790835320560 s2c tag=2 Rwrdraw count=1 (10B)
1790835320583 s2c tag=4 Rrdmouse x=1476 y=60 buttons=0 msec=1342188215 resized=32 (23B)
1790835320583 c2s tag=4 Trdmouse (6B)
1790835320583 c2s tag=2 Twrdraw data=76 (11B)
1790835320583 s2c tag=2 Rwrdraw count=1 (10B)
1790835320610 s2c tag=4 Rrdmouse x=1478 y=60 buttons=0 msec=1342188242 resized=32 (23B)
1790835320610 c2s tag=4 Trdmouse (6B)
1790835320610 c2s tag=2 Twrdraw data=76 (11B)
1790835320610 s2c tag=2 Rwrdraw count=1 (10B)
1790835320712 s2c tag=4 Rrdmouse x=1480 y=60 buttons=0 msec=1342188343 resized=32 (23B)
1790835320712 c2s tag=4 Trdmouse (6B)
1790835320712 s2c tag=2 Rwrdraw count=1 (10B)
1790835320712 c2s tag=2 Twrdraw data=76 (11B)
1790835320745 s2c tag=4 Rrdmouse x=1482 y=60 buttons=0 msec=1342188377 resized=32 (23B)
1790835320746 c2s tag=4 Trdmouse (6B)
1790835320746 c2s tag=2 Twrdraw data=76 (11B)
1790835320746 s2c tag=2 Rwrdraw count=1 (10B)
1790835320762 s2c tag=4 Rrdmouse x=1488 y=60 buttons=0 msec=1342188395 resized=32 (23B)
1790835320763 c2s tag=4 Trdmouse (6B)
1790835320763 c2s tag=2 Twrdraw data=76 (11B)
1790835320763 s2c tag=2 Rwrdraw count=1 (10B)
1790835320780 s2c tag=4 Rrdmouse x=1498 y=60 buttons=0 msec=1342188412 resized=32 (23B)
1790835320780 c2s tag=4 Trdmouse (6B)
1790835320781 c2s tag=2 Twrdraw data=76 (11B)
1790835320781 s2c tag=2 Rwrdraw count=1 (10B)
1790835320794 s2c tag=4 Rrdmouse x=1514 y=60 buttons=0 msec=1342188426 resized=32 (23B)
1790835320794 c2s tag=4 Trdmouse (6B)
1790835320794 c2s tag=2 Twrdraw data=76 (11B)
1790835320794 s2c tag=2 Rwrdraw count=1 (10B)
1790835320811 s2c tag=4 Rrdmouse x=1530 y=60 buttons=0 msec=1342188443 resized=32 (23B)
1790835320811 c2s tag=4 Trdmouse (6B)
1790835320811 c2s tag=2 Twrdraw data=76 (11B)
1790835320812 s2c tag=2 Rwrdraw count=1 (10B)
1790835320833 s2c tag=4 Rrdmouse x=1554 y=60 buttons=0 msec=1342188465 resized=32 (23B)
1790835320833 c2s tag=4 Trdmouse (6B)
1790835320833 c2s tag=2 Twrdraw data=76 (11B)
1790835320833 s2c tag=2 Rwrdraw count=1 (10B)
1790835320845 s2c tag=4 Rrdmouse x=1576 y=60 buttons=0 msec=1342188477 resized=32 (23B)
1790835320845 c2s tag=4 Trdmouse (6B)
1790835320845 c2s tag=2 Twrdraw data=76 (11B)
1790835320845 s2c tag=2 Rwrdraw count=1 (10B)
1790835320861 s2c tag=4 Rrdmouse x=1602 y=60 buttons=0 msec=1342188493 resized=32 (23B)
1790835320861 c2s tag=4 Trdmouse (6B)
1790835320861 c2s tag=2 Twrdraw data=76 (11B)
1790835320862 s2c tag=2 Rwrdraw count=1 (10B)
1790835320880 s2c tag=4 Rrdmouse x=1620 y=64 buttons=0 msec=1342188512 resized=32 (23B)
1790835320881 c2s tag=4 Trdmouse (6B)
1790835320881 c2s tag=2 Twrdraw data=76 (11B)
1790835320881 s2c tag=2 Rwrdraw count=1 (10B)
1790835320894 s2c tag=4 Rrdmouse x=1642 y=68 buttons=0 msec=1342188526 resized=32 (23B)
1790835320894 c2s tag=4 Trdmouse (6B)
1790835320894 c2s tag=2 Twrdraw data=76 (11B)
1790835320894 s2c tag=2 Rwrdraw count=1 (10B)
1790835320910 s2c tag=4 Rrdmouse x=1648 y=70 buttons=0 msec=1342188542 resized=32 (23B)
1790835320911 c2s tag=4 Trdmouse (6B)
1790835320911 c2s tag=2 Twrdraw data=76 (11B)
1790835320911 s2c tag=2 Rwrdraw count=1 (10B)
1790835320927 s2c tag=4 Rrdmouse x=1654 y=74 buttons=0 msec=1342188559 resized=32 (23B)
1790835320927 c2s tag=4 Trdmouse (6B)
1790835320927 c2s tag=2 Twrdraw data=76 (11B)
1790835320928 s2c tag=2 Rwrdraw count=1 (10B)
1790835320965 s2c tag=4 Rrdmouse x=1656 y=76 buttons=0 msec=1342188597 resized=32 (23B)
1790835320965 c2s tag=4 Trdmouse (6B)
1790835320965 c2s tag=2 Twrdraw data=76 (11B)
1790835320965 s2c tag=2 Rwrdraw count=1 (10B)
1790835320999 s2c tag=4 Rrdmouse x=1656 y=78 buttons=0 msec=1342188631 resized=32 (23B)
1790835321000 c2s tag=4 Trdmouse (6B)
1790835321000 c2s tag=2 Twrdraw data=76 (11B)
1790835321000 s2c tag=2 Rwrdraw count=1 (10B)
1790835321080 s2c tag=4 Rrdmouse x=1656 y=80 buttons=0 msec=1342188712 resized=32 (23B)
1790835321080 c2s tag=4 Trdmouse (6B)
1790835321080 c2s tag=2 Twrdraw data=76 (11B)
1790835321080 s2c tag=2 Rwrdraw count=1 (10B)
1790835321144 s2c tag=4 Rrdmouse x=1656 y=82 buttons=0 msec=1342188776 resized=32 (23B)
1790835321144 c2s tag=4 Trdmouse (6B)
1790835321144 c2s tag=2 Twrdraw data=76 (11B)
1790835321144 s2c tag=2 Rwrdraw count=1 (10B)
1790835321199 s2c tag=4 Rrdmouse x=1654 y=84 buttons=0 msec=1342188831 resized=32 (23B)
1790835321199 c2s tag=4 Trdmouse (6B)
1790835321200 c2s tag=2 Twrdraw data=76 (11B)
1790835321200 s2c tag=2 Rwrdraw count=1 (10B)
1790835321246 s2c tag=4 Rrdmouse x=1654 y=86 buttons=0 msec=1342188878 resized=32 (23B)
1790835321246 c2s tag=4 Trdmouse (6B)
1790835321246 c2s tag=2 Twrdraw data=76 (11B)
1790835321246 s2c tag=2 Rwrdraw count=1 (10B)
1790835321294 s2c tag=4 Rrdmouse x=1652 y=86 buttons=0 msec=1342188926 resized=32 (23B)
1790835321295 c2s tag=4 Trdmouse (6B)
1790835321295 c2s tag=2 Twrdraw data=76 (11B)
1790835321295 s2c tag=2 Rwrdraw count=1 (10B)
1790835321330 s2c tag=4 Rrdmouse x=1652 y=88 buttons=0 msec=1342188962 resized=32 (23B)
1790835321330 c2s tag=4 Trdmouse (6B)
1790835321330 c2s tag=2 Twrdraw data=76 (11B)
1790835321331 s2c tag=2 Rwrdraw count=1 (10B)
1790835321419 s2c tag=4 Rrdmouse x=1650 y=88 buttons=0 msec=1342189051 resized=32 (23B)
1790835321420 c2s tag=4 Twrdraw data=76 (11B)
1790835321420 c2s tag=2 Trdmouse (6B)
1790835321422 s2c tag=4 Rwrdraw count=1 (10B)
1790835321462 s2c tag=2 Rrdmouse x=1650 y=90 buttons=0 msec=1342189094 resized=32 (23B)
1790835321462 c2s tag=2 Trdmouse (6B)
1790835321462 c2s tag=3 Twrdraw data=76 (11B)
1790835321462 s2c tag=3 Rwrdraw count=1 (10B)
1790835321477 s2c tag=2 Rrdmouse x=1648 y=90 buttons=0 msec=1342189109 resized=32 (23B)
1790835321477 c2s tag=2 Trdmouse (6B)
1790835321477 s2c tag=3 Rwrdraw count=1 (10B)
1790835321477 c2s tag=3 Twrdraw data=76 (11B)
1790835321513 s2c tag=2 Rrdmouse x=1646 y=92 buttons=0 msec=1342189145 resized=32 (23B)
1790835321513 c2s tag=2 Trdmouse (6B)
1790835321513 c2s tag=3 Twrdraw data=76 (11B)
1790835321513 s2c tag=3 Rwrdraw count=1 (10B)
1790835321543 s2c tag=2 Rrdmouse x=1644 y=94 buttons=0 msec=1342189175 resized=32 (23B)
1790835321543 c2s tag=2 Trdmouse (6B)
1790835321543 c2s tag=3 Twrdraw data=76 (11B)
1790835321543 s2c tag=3 Rwrdraw count=1 (10B)
1790835321561 s2c tag=2 Rrdmouse x=1642 y=94 buttons=0 msec=1342189193 resized=32 (23B)
1790835321561 c2s tag=2 Trdmouse (6B)
1790835321562 c2s tag=3 Twrdraw data=76 (11B)
1790835321562 s2c tag=3 Rwrdraw count=1 (10B)
1790835321578 s2c tag=2 Rrdmouse x=1640 y=96 buttons=0 msec=1342189210 resized=32 (23B)
1790835321579 c2s tag=2 Trdmouse (6B)
1790835321579 c2s tag=3 Twrdraw data=76 (11B)
1790835321579 s2c tag=3 Rwrdraw count=1 (10B)
1790835321600 s2c tag=2 Rrdmouse x=1636 y=100 buttons=0 msec=1342189232 resized=32 (23B)
1790835321600 c2s tag=2 Trdmouse (6B)
1790835321600 c2s tag=3 Twrdraw data=76 (11B)
1790835321600 s2c tag=3 Rwrdraw count=1 (10B)
1790835321621 s2c tag=2 Rrdmouse x=1632 y=102 buttons=0 msec=1342189253 resized=32 (23B)
1790835321621 c2s tag=2 Trdmouse (6B)
1790835321621 c2s tag=3 Twrdraw data=76 (11B)
1790835321621 s2c tag=3 Rwrdraw count=1 (10B)
1790835321631 s2c tag=2 Rrdmouse x=1624 y=106 buttons=0 msec=1342189263 resized=32 (23B)
1790835321631 c2s tag=2 Trdmouse (6B)
1790835321631 c2s tag=3 Twrdraw data=76 (11B)
1790835321631 s2c tag=3 Rwrdraw count=1 (10B)
1790835321644 s2c tag=2 Rrdmouse x=1616 y=108 buttons=0 msec=1342189276 resized=32 (23B)
1790835321644 c2s tag=2 Trdmouse (6B)
1790835321644 c2s tag=3 Twrdraw data=76 (11B)
1790835321644 s2c tag=3 Rwrdraw count=1 (10B)
1790835321664 s2c tag=2 Rrdmouse x=1610 y=110 buttons=0 msec=1342189296 resized=32 (23B)
1790835321664 s2c tag=2 Rwrdraw count=1 (10B)
1790835321664 c2s tag=2 Twrdraw data=76 (11B)
1790835321664 c2s tag=3 Trdmouse (6B)
1790835321681 s2c tag=3 Rrdmouse x=1602 y=112 buttons=0 msec=1342189313 resized=32 (23B)
1790835321681 c2s tag=3 Trdmouse (6B)
1790835321681 c2s tag=4 Twrdraw data=76 (11B)
1790835321681 s2c tag=4 Rwrdraw count=1 (10B)
1790835321697 s2c tag=3 Rrdmouse x=1592 y=114 buttons=0 msec=1342189329 resized=32 (23B)
1790835321697 c2s tag=3 Trdmouse (6B)
1790835321697 s2c tag=4 Rwrdraw count=1 (10B)
1790835321697 c2s tag=4 Twrdraw data=76 (11B)
1790835321714 s2c tag=3 Rrdmouse x=1584 y=116 buttons=0 msec=1342189346 resized=32 (23B)
1790835321714 c2s tag=3 Trdmouse (6B)
1790835321714 c2s tag=4 Twrdraw data=76 (11B)
1790835321714 s2c tag=4 Rwrdraw count=1 (10B)
1790835321728 c2s tag=3 Trdmouse (6B)
1790835321728 c2s tag=4 Twrdraw data=76 (11B)
1790835321728 s2c tag=3 Rrdmouse x=1574 y=118 buttons=0 msec=1342189360 resized=32 (23B)
1790835321728 s2c tag=4 Rwrdraw count=1 (10B)
1790835321748 s2c tag=3 Rrdmouse x=1562 y=120 buttons=0 msec=1342189380 resized=32 (23B)
1790835321748 c2s tag=3 Trdmouse (6B)
1790835321748 c2s tag=4 Twrdraw data=76 (11B)
1790835321748 s2c tag=4 Rwrdraw count=1 (10B)
1790835321761 s2c tag=3 Rrdmouse x=1548 y=122 buttons=0 msec=1342189393 resized=32 (23B)
1790835321761 c2s tag=3 Trdmouse (6B)
1790835321761 c2s tag=4 Twrdraw data=76 (11B)
1790835321761 s2c tag=4 Rwrdraw count=1 (10B)
1790835321782 s2c tag=3 Rrdmouse x=1530 y=126 buttons=0 msec=1342189414 resized=32 (23B)
1790835321782 c2s tag=3 Trdmouse (6B)
1790835321782 c2s tag=4 Twrdraw data=76 (11B)
1790835321782 s2c tag=4 Rwrdraw count=1 (10B)
1790835321794 s2c tag=3 Rrdmouse x=1526 y=126 buttons=0 msec=1342189426 resized=32 (23B)
1790835321794 c2s tag=3 Trdmouse (6B)
1790835321794 c2s tag=4 Twrdraw data=76 (11B)
1790835321794 s2c tag=4 Rwrdraw count=1 (10B)
1790835321816 s2c tag=3 Rrdmouse x=1512 y=130 buttons=0 msec=1342189448 resized=32 (23B)
1790835321816 c2s tag=3 Trdmouse (6B)
1790835321816 c2s tag=4 Twrdraw data=76 (11B)
1790835321816 s2c tag=4 Rwrdraw count=1 (10B)
1790835321828 s2c tag=3 Rrdmouse x=1506 y=130 buttons=0 msec=1342189460 resized=32 (23B)
1790835321828 c2s tag=3 Trdmouse (6B)
1790835321828 c2s tag=4 Twrdraw data=76 (11B)
1790835321828 s2c tag=4 Rwrdraw count=1 (10B)
1790835321846 s2c tag=3 Rrdmouse x=1496 y=132 buttons=0 msec=1342189478 resized=32 (23B)
1790835321846 c2s tag=3 Trdmouse (6B)
1790835321846 s2c tag=4 Rwrdraw count=1 (10B)
1790835321846 c2s tag=4 Twrdraw data=76 (11B)
1790835321860 s2c tag=3 Rrdmouse x=1488 y=134 buttons=0 msec=1342189492 resized=32 (23B)
1790835321860 c2s tag=3 Trdmouse (6B)
1790835321860 c2s tag=4 Twrdraw data=76 (11B)
1790835321860 s2c tag=4 Rwrdraw count=1 (10B)
1790835321881 s2c tag=3 Rrdmouse x=1484 y=134 buttons=0 msec=1342189512 resized=32 (23B)
1790835321881 c2s tag=3 Trdmouse (6B)
1790835321881 c2s tag=4 Twrdraw data=76 (11B)
1790835321881 s2c tag=4 Rwrdraw count=1 (10B)
1790835321898 s2c tag=3 Rrdmouse x=1478 y=136 buttons=0 msec=1342189530 resized=32 (23B)
1790835321900 c2s tag=3 Trdmouse (6B)
1790835321900 c2s tag=4 Twrdraw data=76 (11B)
1790835321900 s2c tag=4 Rwrdraw count=1 (10B)
1790835321915 s2c tag=3 Rrdmouse x=1474 y=136 buttons=0 msec=1342189547 resized=32 (23B)
1790835321916 c2s tag=3 Trdmouse (6B)
1790835321916 c2s tag=4 Twrdraw data=76 (11B)
1790835321916 s2c tag=4 Rwrdraw count=1 (10B)
1790835321929 s2c tag=3 Rrdmouse x=1472 y=138 buttons=0 msec=1342189561 resized=32 (23B)
1790835321929 c2s tag=3 Trdmouse (6B)
1790835321930 c2s tag=4 Twrdraw data=76 (11B)
1790835321930 s2c tag=4 Rwrdraw count=1 (10B)
1790835321947 s2c tag=3 Rrdmouse x=1470 y=138 buttons=0 msec=1342189579 resized=32 (23B)
1790835321947 c2s tag=3 Trdmouse (6B)
1790835321947 c2s tag=4 Twrdraw data=76 (11B)
1790835321947 s2c tag=4 Rwrdraw count=1 (10B)
1790835321962 s2c tag=3 Rrdmouse x=1468 y=138 buttons=0 msec=1342189594 resized=32 (23B)
1790835321962 c2s tag=3 Trdmouse (6B)
1790835321962 c2s tag=4 Twrdraw data=76 (11B)
1790835321962 s2c tag=4 Rwrdraw count=1 (10B)
1790835321979 s2c tag=3 Rrdmouse x=1466 y=138 buttons=0 msec=1342189611 resized=32 (23B)
1790835321979 c2s tag=3 Trdmouse (6B)
1790835321979 c2s tag=4 Twrdraw data=76 (11B)
1790835321979 s2c tag=4 Rwrdraw count=1 (10B)
1790835322029 s2c tag=3 Rrdmouse x=1464 y=138 buttons=0 msec=1342189661 resized=32 (23B)
1790835322029 c2s tag=3 Trdmouse (6B)
1790835322029 c2s tag=4 Twrdraw data=76 (11B)
1790835322029 s2c tag=4 Rwrdraw count=1 (10B)
1790835322094 s2c tag=3 Rrdmouse x=1464 y=136 buttons=0 msec=1342189726 resized=32 (23B)
1790835322094 c2s tag=3 Trdmouse (6B)
1790835322094 c2s tag=4 Twrdraw data=76 (11B)
1790835322094 s2c tag=4 Rwrdraw count=1 (10B)
1790835322110 s2c tag=3 Rrdmouse x=1464 y=134 buttons=0 msec=1342189742 resized=32 (23B)
1790835322110 c2s tag=3 Trdmouse (6B)
1790835322111 c2s tag=4 Twrdraw data=76 (11B)
1790835322111 s2c tag=4 Rwrdraw count=1 (10B)
1790835322129 s2c tag=3 Rrdmouse x=1464 y=132 buttons=0 msec=1342189761 resized=32 (23B)
1790835322129 c2s tag=3 Trdmouse (6B)
1790835322130 c2s tag=4 Twrdraw data=76 (11B)
1790835322130 s2c tag=4 Rwrdraw count=1 (10B)
1790835322143 s2c tag=3 Rrdmouse x=1464 y=130 buttons=0 msec=1342189775 resized=32 (23B)
1790835322143 c2s tag=3 Trdmouse (6B)
1790835322143 c2s tag=4 Twrdraw data=76 (11B)
1790835322143 s2c tag=4 Rwrdraw count=1 (10B)
1790835322229 s2c tag=3 Rrdmouse x=1464 y=128 buttons=0 msec=1342189861 resized=32 (23B)
1790835322229 c2s tag=3 Trdmouse (6B)
1790835322229 c2s tag=4 Twrdraw data=76 (11B)
1790835322229 s2c tag=4 Rwrdraw count=1 (10B)
1790835322314 s2c tag=3 Rrdmouse x=1466 y=128 buttons=0 msec=1342189946 resized=32 (23B)
1790835322314 c2s tag=3 Twrdraw data=76 (11B)
1790835322314 c2s tag=4 Trdmouse (6B)
1790835322314 s2c tag=3 Rwrdraw count=1 (10B)
1790835322326 s2c tag=4 Rrdmouse x=1466 y=126 buttons=0 msec=1342189958 resized=32 (23B)
1790835322326 c2s tag=4 Trdmouse (6B)
1790835322326 c2s tag=2 Twrdraw data=76 (11B)
1790835322326 s2c tag=2 Rwrdraw count=1 (10B)
1790835322445 s2c tag=4 Rrdmouse x=1466 y=124 buttons=0 msec=1342190076 resized=32 (23B)
1790835322445 c2s tag=4 Trdmouse (6B)
1790835322445 c2s tag=2 Twrdraw data=76 (11B)
1790835322445 s2c tag=2 Rwrdraw count=1 (10B)
1790835322497 s2c tag=4 Rrdmouse x=1466 y=122 buttons=0 msec=1342190129 resized=32 (23B)
1790835322497 c2s tag=4 Twrdraw data=76 (11B)
1790835322497 c2s tag=2 Trdmouse (6B)
1790835322497 s2c tag=4 Rwrdraw count=1 (10B)
1790835322711 s2c tag=2 Rrdmouse x=1466 y=120 buttons=0 msec=1342190343 resized=32 (23B)
1790835322711 c2s tag=2 Trdmouse (6B)
1790835322711 c2s tag=3 Twrdraw data=76 (11B)
1790835322711 s2c tag=3 Rwrdraw count=1 (10B)
1790835323049 s2c tag=2 Rrdmouse x=1468 y=120 buttons=0 msec=1342190681 resized=32 (23B)
1790835323049 c2s tag=2 Trdmouse (6B)
1790835323049 c2s tag=3 Twrdraw data=76 (11B)
1790835323049 s2c tag=3 Rwrdraw count=1 (10B)
1790835324163 s2c tag=2 Rrdmouse x=1468 y=120 buttons=4 msec=1342191795 resized=32 (23B)
1790835324163 c2s tag=2 Trdmouse (6B)
1790835324164 c2s tag=3 Twrdraw data=64030000002100000001000000040500... (146B)
1790835324164 s2c tag=3 Rwrdraw count=136 (10B)
1790835324164 c2s tag=3 Twrdraw data=76 (11B)
1790835324164 s2c tag=3 Rwrdraw count=1 (10B)
1790835324242 s2c tag=2 Rrdmouse x=1468 y=120 buttons=0 msec=1342191874 resized=32 (23B)
1790835324243 c2s tag=2 Trdmouse (6B)
1790835324243 c2s tag=3 Twrdraw data=64030000002100000001000000b80500... (191B)
1790835324243 s2c tag=3 Rwrdraw count=181 (10B)
1790835324244 c2s tag=3 Twrdraw data=64030000000a00000001000000000000... (1469B)
1790835324249 s2c tag=3 Rwrdraw count=1459 (10B)
1790835324249 c2s tag=3 Twrdraw data=622b0000000000000000281808680000... (61B)
1790835324249 s2c tag=3 Rwrdraw count=51 (10B)
1790835324250 c2s tag=3 Twrdraw data=622c0000000000000000281808680000... (61B)
1790835324250 s2c tag=3 Rwrdraw count=51 (10B)
1790835324250 c2s tag=3 Twrdraw data=642b0000000600000001000000000000... (325B)
1790835324250 s2c tag=3 Rwrdraw count=315 (10B)
1790835324250 c2s tag=3 Twrdraw data=622d0000000000000000281808680000... (61B)
1790835324250 s2c tag=3 Rwrdraw count=51 (10B)
1790835324250 c2s tag=3 Twrdraw data=622e0000000000000000281808680000... (61B)
1790835324251 s2c tag=3 Rwrdraw count=51 (10B)
1790835324251 c2s tag=3 Tmoveto x=15 y=85 (14B)
1790835324251 s2c tag=3 Rmoveto (6B)
1790835324251 c2s tag=3 Twrdraw data=642d0000000a00000001000000000000... (596B)
1790835324258 s2c tag=2 Rrdmouse x=15 y=85 buttons=0 msec=1342191889 resized=32 (23B)
1790835324258 s2c tag=3 Rwrdraw count=586 (10B)
1790835324264 s2c tag=3 Rmoveto (6B)
1790835324264 c2s tag=3 Tmoveto x=20 y=94 (14B)
1790835324266 c2s tag=3 Twrdraw data=64030000002c000000010000000f0000... (4794B)
1790835324269 s2c tag=3 Rwrdraw count=4784 (10B)
1790835324269 c2s tag=3 Twrdraw data=76 (11B)
1790835324269 s2c tag=3 Rwrdraw count=1 (10B)
1790835324269 c2s tag=3 Twrdraw data=76 (11B)
1790835324269 s2c tag=3 Rwrdraw count=1 (10B)
1790835324269 c2s tag=4 Trdmouse (6B)
1790835324269 s2c tag=4 Rrdmouse x=20 y=94 buttons=0 msec=1342191896 resized=32 (23B)
1790835324269 c2s tag=4 Trdmouse (6B)
1790835324269 c2s tag=2 Twrdraw data=76 (11B)
1790835324269 s2c tag=2 Rwrdraw count=1 (10B)
1790835325382 s2c tag=4 Rrdmouse x=1450 y=120 buttons=0 msec=1342193013 resized=32 (23B)
1790835325382 c2s tag=4 Trdmouse (6B)
1790835325382 c2s tag=2 Twrdraw data=76 (11B)
1790835325382 s2c tag=2 Rwrdraw count=1 (10B)
1790835325395 s2c tag=4 Rrdmouse x=1406 y=120 buttons=0 msec=1342193027 resized=32 (23B)
1790835325395 c2s tag=4 Trdmouse (6B)
1790835325396 c2s tag=2 Twrdraw data=76 (11B)
1790835325396 s2c tag=2 Rwrdraw count=1 (10B)
1790835325422 s2c tag=4 Rrdmouse x=1382 y=120 buttons=0 msec=1342193053 resized=32 (23B)
1790835325422 c2s tag=4 Trdmouse (6B)
1790835325422 c2s tag=2 Twrdraw data=76 (11B)
1790835325422 s2c tag=2 Rwrdraw count=1 (10B)
1790835325427 s2c tag=4 Rrdmouse x=1156 y=120 buttons=0 msec=1342193059 resized=32 (23B)
1790835325427 c2s tag=4 Trdmouse (6B)
1790835325427 s2c tag=2 Rwrdraw count=1 (10B)
1790835325428 c2s tag=2 Twrdraw data=76 (11B)
1790835325444 s2c tag=4 Rrdmouse x=914 y=120 buttons=0 msec=1342193076 resized=32 (23B)
1790835325444 c2s tag=4 Trdmouse (6B)
1790835325444 c2s tag=2 Twrdraw data=76 (11B)
1790835325444 s2c tag=2 Rwrdraw count=1 (10B)
1790835325463 s2c tag=4 Rrdmouse x=620 y=120 buttons=0 msec=1342193095 resized=32 (23B)
1790835325463 c2s tag=4 Trdmouse (6B)
1790835325463 c2s tag=2 Twrdraw data=76 (11B)
1790835325464 s2c tag=2 Rwrdraw count=1 (10B)
1790835325491 s2c tag=4 Rrdmouse x=272 y=120 buttons=0 msec=1342193122 resized=32 (23B)
1790835325495 c2s tag=4 Trdmouse (6B)
1790835325495 c2s tag=2 Twrdraw data=76 (11B)
1790835325496 s2c tag=2 Rwrdraw count=1 (10B)
1790835325504 s2c tag=4 Rrdmouse x=22 y=120 buttons=0 msec=1342193133 resized=32 (23B)
1790835325505 c2s tag=4 Trdmouse (6B)
1790835325505 c2s tag=2 Twrdraw data=76 (11B)
1790835325506 s2c tag=2 Rwrdraw count=1 (10B)
1790835326014 s2c tag=4 Rrdmouse x=0 y=76 buttons=0 msec=1342193646 resized=32 (23B)
1790835326015 c2s tag=4 Twrdraw data=76 (11B)
1790835326015 s2c tag=4 Rwrdraw count=1 (10B)
1790835326015 c2s tag=2 Trdmouse (6B)
1790835326034 s2c tag=2 Rrdmouse x=4 y=74 buttons=0 msec=1342193666 resized=32 (23B)
1790835326034 c2s tag=2 Trdmouse (6B)
1790835326034 c2s tag=3 Twrdraw data=76 (11B)
1790835326034 s2c tag=3 Rwrdraw count=1 (10B)
1790835326047 s2c tag=2 Rrdmouse x=6 y=74 buttons=0 msec=1342193679 resized=32 (23B)
1790835326048 c2s tag=2 Twrdraw data=76 (11B)
1790835326048 c2s tag=3 Trdmouse (6B)
1790835326048 s2c tag=2 Rwrdraw count=1 (10B)
1790835326065 s2c tag=3 Rrdmouse x=10 y=72 buttons=0 msec=1342193697 resized=32 (23B)
1790835326065 c2s tag=3 Trdmouse (6B)
1790835326067 c2s tag=4 Twrdraw data=76 (11B)
1790835326068 s2c tag=4 Rwrdraw count=1 (10B)
1790835326095 s2c tag=3 Rrdmouse x=12 y=70 buttons=0 msec=1342193726 resized=32 (23B)
1790835326095 c2s tag=3 Trdmouse (6B)
1790835326095 c2s tag=4 Twrdraw data=76 (11B)
1790835326095 s2c tag=4 Rwrdraw count=1 (10B)
1790835326131 s2c tag=3 Rrdmouse x=12 y=68 buttons=0 msec=1342193763 resized=32 (23B)
1790835326132 c2s tag=3 Trdmouse (6B)
1790835326132 c2s tag=4 Twrdraw data=76 (11B)
1790835326132 s2c tag=4 Rwrdraw count=1 (10B)
1790835326211 s2c tag=3 Rrdmouse x=12 y=66 buttons=0 msec=1342193843 resized=32 (23B)
1790835326212 c2s tag=3 Twrdraw data=76 (11B)
1790835326212 c2s tag=4 Trdmouse (6B)
1790835326212 s2c tag=3 Rwrdraw count=1 (10B)
1790835326262 s2c tag=4 Rrdmouse x=12 y=64 buttons=0 msec=1342193894 resized=32 (23B)
1790835326262 c2s tag=4 Trdmouse (6B)
1790835326262 s2c tag=2 Rwrdraw count=1 (10B)
1790835326262 c2s tag=2 Twrdraw data=76 (11B)
1790835326282 s2c tag=4 Rrdmouse x=12 y=62 buttons=0 msec=1342193914 resized=32 (23B)
1790835326282 c2s tag=4 Trdmouse (6B)
1790835326282 c2s tag=2 Twrdraw data=76 (11B)
1790835326282 s2c tag=2 Rwrdraw count=1 (10B)
1790835326311 s2c tag=4 Rrdmouse x=12 y=60 buttons=0 msec=1342193943 resized=32 (23B)
1790835326312 c2s tag=4 Trdmouse (6B)
1790835326312 c2s tag=2 Twrdraw data=76 (11B)
1790835326312 s2c tag=2 Rwrdraw count=1 (10B)
1790835326329 s2c tag=4 Rrdmouse x=12 y=58 buttons=0 msec=1342193960 resized=32 (23B)
1790835326329 c2s tag=4 Trdmouse (6B)
1790835326329 c2s tag=2 Twrdraw data=76 (11B)
1790835326329 s2c tag=2 Rwrdraw count=1 (10B)
1790835326348 s2c tag=4 Rrdmouse x=12 y=56 buttons=0 msec=1342193980 resized=32 (23B)
1790835326349 c2s tag=4 Trdmouse (6B)
1790835326349 c2s tag=2 Twrdraw data=76 (11B)
1790835326349 s2c tag=2 Rwrdraw count=1 (10B)
1790835326382 s2c tag=4 Rrdmouse x=10 y=54 buttons=0 msec=1342194014 resized=32 (23B)
1790835326383 c2s tag=4 Trdmouse (6B)
1790835326383 c2s tag=2 Twrdraw data=76 (11B)
1790835326383 s2c tag=2 Rwrdraw count=1 (10B)
1790835326412 s2c tag=4 Rrdmouse x=10 y=52 buttons=0 msec=1342194044 resized=32 (23B)
1790835326412 c2s tag=4 Trdmouse (6B)
1790835326412 c2s tag=2 Twrdraw data=76 (11B)
1790835326412 s2c tag=2 Rwrdraw count=1 (10B)
1790835326446 s2c tag=4 Rrdmouse x=10 y=50 buttons=0 msec=1342194077 resized=32 (23B)
1790835326446 c2s tag=4 Trdmouse (6B)
1790835326446 c2s tag=2 Twrdraw data=76 (11B)
1790835326446 s2c tag=2 Rwrdraw count=1 (10B)
1790835326483 s2c tag=4 Rrdmouse x=10 y=48 buttons=0 msec=1342194114 resized=32 (23B)
1790835326483 c2s tag=4 Trdmouse (6B)
1790835326483 c2s tag=2 Twrdraw data=76 (11B)
1790835326484 s2c tag=2 Rwrdraw count=1 (10B)
1790835326693 s2c tag=4 Rrdmouse x=10 y=48 buttons=1 msec=1342194325 resized=32 (23B)
1790835326694 c2s tag=4 Trdmouse (6B)
1790835326694 c2s tag=2 Tcursor2 arrow=false off=(4294967289,4294967289) off2=(4294967281,4294967281) (343B)
1790835326695 s2c tag=2 Rcursor2 (6B)
1790835326695 c2s tag=2 Twrdraw data=76 (11B)
1790835326695 s2c tag=2 Rwrdraw count=1 (10B)
1790835326835 s2c tag=4 Rrdmouse x=10 y=48 buttons=0 msec=1342194466 resized=32 (23B)
1790835326835 c2s tag=4 Trdmouse (6B)
1790835326836 c2s tag=2 Tcursor2 arrow=true off=(0,0) off2=(0,0) (343B)
1790835326837 s2c tag=2 Rcursor2 (6B)
1790835326839 c2s tag=2 Tmoveto x=6 y=41 (14B)
1790835326840 s2c tag=2 Rmoveto (6B)
1790835326840 c2s tag=2 Twrdraw data=64030000000800000001000000000000... (1839B)
1790835326842 s2c tag=4 Rrdmouse x=6 y=41 buttons=0 msec=1342194472 resized=32 (23B)
1790835326854 s2c tag=2 Rwrdraw count=1829 (10B)
1790835326854 c2s tag=2 Tmoveto x=6 y=41 (14B)
1790835326854 s2c tag=2 Rmoveto (6B)
1790835326855 c2s tag=2 Twrdraw data=76 (11B)
1790835326855 s2c tag=2 Rwrdraw count=1 (10B)
1790835326855 c2s tag=2 Twrdraw data=76 (11B)
1790835326856 s2c tag=2 Rwrdraw count=1 (10B)
1790835326856 c2s tag=2 Trdmouse (6B)
1790835326856 c2s tag=3 Twrdraw data=76 (11B)
1790835326859 s2c tag=2 Rrdmouse x=6 y=41 buttons=0 msec=1342194487 resized=32 (23B)
1790835326859 s2c tag=3 Rwrdraw count=1 (10B)
1790835326860 c2s tag=3 Twrdraw data=76 (11B)
1790835326860 c2s tag=4 Trdmouse (6B)
1790835326860 s2c tag=3 Rwrdraw count=1 (10B)
1790835327148 c2s tag=4 Trdmouse (6B)
1790835327148 s2c tag=4 Rrdmouse x=10 y=46 buttons=0 msec=1342194780 resized=32 (23B)
1790835327149 c2s tag=2 Twrdraw data=76 (11B)
1790835327149 s2c tag=2 Rwrdraw count=1 (10B)
1790835327233 s2c tag=4 Rrdmouse x=10 y=44 buttons=0 msec=1342194865 resized=32 (23B)
1790835327233 c2s tag=4 Trdmouse (6B)
1790835327233 s2c tag=2 Rwrdraw count=1 (10B)
1790835327233 c2s tag=2 Twrdraw data=76 (11B)
1790835327326 s2c tag=4 Rrdmouse x=10 y=42 buttons=0 msec=1342194958 resized=32 (23B)
1790835327327 c2s tag=4 Trdmouse (6B)
1790835327327 c2s tag=2 Twrdraw data=76 (11B)
1790835327327 s2c tag=2 Rwrdraw count=1 (10B)
1790835327346 s2c tag=4 Rrdmouse x=10 y=40 buttons=0 msec=1342194978 resized=32 (23B)
1790835327346 c2s tag=4 Trdmouse (6B)
1790835327346 c2s tag=2 Twrdraw data=76 (11B)
1790835327346 s2c tag=2 Rwrdraw count=1 (10B)
1790835327362 s2c tag=4 Rrdmouse x=8 y=40 buttons=0 msec=1342194994 resized=32 (23B)
1790835327362 c2s tag=4 Trdmouse (6B)
1790835327362 c2s tag=2 Twrdraw data=76 (11B)
1790835327362 s2c tag=2 Rwrdraw count=1 (10B)
1790835327378 s2c tag=4 Rrdmouse x=8 y=38 buttons=0 msec=1342195010 resized=32 (23B)
1790835327379 c2s tag=4 Trdmouse (6B)
1790835327379 c2s tag=2 Twrdraw data=76 (11B)
1790835327379 s2c tag=2 Rwrdraw count=1 (10B)
1790835327428 s2c tag=4 Rrdmouse x=6 y=38 buttons=0 msec=1342195060 resized=32 (23B)
1790835327428 c2s tag=4 Trdmouse (6B)
1790835327428 c2s tag=2 Twrdraw data=76 (11B)
1790835327428 s2c tag=2 Rwrdraw count=1 (10B)
1790835327583 s2c tag=4 Rrdmouse x=6 y=40 buttons=0 msec=1342195215 resized=32 (23B)
1790835327583 c2s tag=4 Trdmouse (6B)
1790835327583 c2s tag=2 Twrdraw data=76 (11B)
1790835327583 s2c tag=2 Rwrdraw count=1 (10B)
1790835327631 s2c tag=4 Rrdmouse x=6 y=42 buttons=0 msec=1342195263 resized=32 (23B)
1790835327632 c2s tag=4 Trdmouse (6B)
1790835327632 c2s tag=2 Twrdraw data=76 (11B)
1790835327632 s2c tag=2 Rwrdraw count=1 (10B)
1790835327664 s2c tag=4 Rrdmouse x=6 y=44 buttons=0 msec=1342195296 resized=32 (23B)
1790835327664 c2s tag=4 Twrdraw data=76 (11B)
1790835327664 c2s tag=2 Trdmouse (6B)
1790835327664 s2c tag=4 Rwrdraw count=1 (10B)
1790835327725 s2c tag=2 Rrdmouse x=6 y=44 buttons=1 msec=1342195357 resized=32 (23B)
1790835327725 c2s tag=2 Trdmouse (6B)
1790835327725 c2s tag=3 Tcursor2 arrow=false off=(4294967289,4294967289) off2=(4294967281,4294967281) (343B)
1790835327726 s2c tag=3 Rcursor2 (6B)
1790835327726 c2s tag=3 Twrdraw data=76 (11B)
1790835327726 s2c tag=3 Rwrdraw count=1 (10B)
1790835327826 s2c tag=2 Rrdmouse x=6 y=44 buttons=0 msec=1342195458 resized=32 (23B)
1790835327826 s2c tag=2 Rcursor2 (6B)
1790835327826 c2s tag=2 Tcursor2 arrow=true off=(0,0) off2=(0,0) (343B)
1790835327826 c2s tag=3 Trdmouse (6B)
1790835327827 c2s tag=2 Tmoveto x=6 y=41 (14B)
1790835327827 s2c tag=2 Rmoveto (6B)
1790835327827 s2c tag=3 Rrdmouse x=6 y=41 buttons=0 msec=1342195459 resized=32 (23B)
1790835327828 c2s tag=2 Twrdraw data=64030000000800000001000000000000... (1839B)
1790835327830 s2c tag=2 Rwrdraw count=1829 (10B)
1790835327830 c2s tag=2 Tmoveto x=6 y=41 (14B)
1790835327831 s2c tag=2 Rmoveto (6B)
1790835327831 c2s tag=2 Twrdraw data=76 (11B)
1790835327831 s2c tag=2 Rwrdraw count=1 (10B)
1790835327831 c2s tag=2 Twrdraw data=76 (11B)
1790835327831 s2c tag=2 Rwrdraw count=1 (10B)
1790835327831 c2s tag=2 Twrdraw data=76 (11B)
1790835327831 c2s tag=3 Trdmouse (6B)
1790835327831 s2c tag=2 Rwrdraw count=1 (10B)
1790835327831 s2c tag=3 Rrdmouse x=6 y=41 buttons=0 msec=1342195463 resized=32 (23B)
1790835327831 c2s tag=3 Twrdraw data=76 (11B)
1790835327831 c2s tag=4 Trdmouse (6B)
1790835327831 s2c tag=3 Rwrdraw count=1 (10B)
1790835327942 s2c tag=4 Rrdmouse x=6 y=44 buttons=0 msec=1342195574 resized=32 (23B)
1790835327942 c2s tag=4 Trdmouse (6B)
1790835327942 c2s tag=2 Twrdraw data=76 (11B)
1790835327942 s2c tag=4 Rrdmouse x=6 y=44 buttons=1 msec=1342195574 resized=32 (23B)
1790835327942 s2c tag=2 Rwrdraw count=1 (10B)
1790835327942 c2s tag=4 Trdmouse (6B)
1790835327942 c2s tag=2 Tcursor2 arrow=false off=(4294967289,4294967289) off2=(4294967281,4294967281) (343B)
1790835327942 s2c tag=2 Rcursor2 (6B)
1790835327943 c2s tag=2 Twrdraw data=76 (11B)
1790835327943 s2c tag=2 Rwrdraw count=1 (10B)
1790835328027 s2c tag=4 Rrdmouse x=6 y=44 buttons=0 msec=1342195659 resized=32 (23B)
1790835328027 c2s tag=4 Trdmouse (6B)
1790835328027 c2s tag=2 Tcursor2 arrow=true off=(0,0) off2=(0,0) (343B)
1790835328027 s2c tag=2 Rcursor2 (6B)
1790835328027 c2s tag=2 Tmoveto x=6 y=41 (14B)
1790835328027 s2c tag=2 Rmoveto (6B)
1790835328027 s2c tag=4 Rrdmouse x=6 y=41 buttons=0 msec=1342195660 resized=32 (23B)
1790835328027 c2s tag=2 Twrdraw data=64030000000800000001000000000000... (1839B)
1790835328030 s2c tag=2 Rwrdraw count=1829 (10B)
1790835328030 c2s tag=2 Tmoveto x=6 y=41 (14B)
1790835328031 s2c tag=2 Rmoveto (6B)
1790835328031 c2s tag=2 Twrdraw data=76 (11B)
1790835328031 s2c tag=2 Rwrdraw count=1 (10B)
1790835328031 c2s tag=2 Twrdraw data=76 (11B)
1790835328031 s2c tag=2 Rwrdraw count=1 (10B)
1790835328031 c2s tag=2 Twrdraw data=76 (11B)
1790835328031 s2c tag=2 Rwrdraw count=1 (10B)
1790835328031 c2s tag=3 Trdmouse (6B)
1790835328031 c2s tag=3 Trdmouse (6B)
1790835328031 c2s tag=4 Twrdraw data=76 (11B)
1790835328031 s2c tag=3 Rrdmouse x=6 y=41 buttons=0 msec=1342195663 resized=32 (23B)
1790835328031 s2c tag=4 Rwrdraw count=1 (10B)
1790835328210 s2c tag=3 Rrdmouse x=6 y=44 buttons=0 msec=1342195842 resized=32 (23B)
1790835328210 c2s tag=3 Trdmouse (6B)
1790835328210 c2s tag=4 Twrdraw data=76 (11B)
1790835328211 s2c tag=3 Rrdmouse x=6 y=44 buttons=1 msec=1342195842 resized=32 (23B)
1790835328211 s2c tag=4 Rwrdraw count=1 (10B)
1790835328211 c2s tag=3 Trdmouse (6B)
1790835328211 c2s tag=4 Tcursor2 arrow=false off=(4294967289,4294967289) off2=(4294967281,4294967281) (343B)
1790835328211 s2c tag=4 Rcursor2 (6B)
1790835328212 c2s tag=4 Twrdraw data=76 (11B)
1790835328212 s2c tag=4 Rwrdraw count=1 (10B)
1790835328324 s2c tag=3 Rrdmouse x=6 y=44 buttons=0 msec=1342195956 resized=32 (23B)
1790835328324 c2s tag=3 Tcursor2 arrow=true off=(0,0) off2=(0,0) (343B)
1790835328324 c2s tag=4 Trdmouse (6B)
1790835328325 s2c tag=3 Rcursor2 (6B)
1790835328326 c2s tag=3 Tmoveto x=6 y=41 (14B)
1790835328326 s2c tag=3 Rmoveto (6B)
1790835328326 c2s tag=3 Twrdraw data=64030000000800000001000000000000... (1839B)
1790835328326 s2c tag=4 Rrdmouse x=6 y=41 buttons=0 msec=1342195958 resized=32 (23B)
1790835328330 s2c tag=3 Rwrdraw count=1829 (10B)
1790835328331 c2s tag=3 Tmoveto x=6 y=41 (14B)
1790835328331 s2c tag=3 Rmoveto (6B)
1790835328331 c2s tag=3 Twrdraw data=76 (11B)
1790835328331 s2c tag=3 Rwrdraw count=1 (10B)
1790835328332 c2s tag=3 Twrdraw data=76 (11B)
1790835328332 s2c tag=3 Rwrdraw count=1 (10B)
1790835328332 c2s tag=3 Twrdraw data=76 (11B)
1790835328332 s2c tag=3 Rwrdraw count=1 (10B)
1790835328333 s2c tag=3 Rrdmouse x=6 y=41 buttons=0 msec=1342195963 resized=32 (23B)
1790835328333 c2s tag=3 Trdmouse (6B)
1790835328333 c2s tag=3 Twrdraw data=76 (11B)
1790835328333 c2s tag=4 Trdmouse (6B)
1790835328333 s2c tag=3 Rwrdraw count=1 (10B)
1790835328476 s2c tag=4 Rrdmouse x=6 y=44 buttons=0 msec=1342196108 resized=32 (23B)
1790835328476 c2s tag=4 Trdmouse (6B)
1790835328477 c2s tag=2 Twrdraw data=76 (11B)
1790835328478 s2c tag=4 Rrdmouse x=6 y=44 buttons=1 msec=1342196108 resized=32 (23B)
1790835328480 s2c tag=2 Rwrdraw count=1 (10B)
1790835328480 c2s tag=2 Trdmouse (6B)
1790835328481 c2s tag=3 Tcursor2 arrow=false off=(4294967289,4294967289) off2=(4294967281,4294967281) (343B)
1790835328481 s2c tag=3 Rcursor2 (6B)
1790835328484 c2s tag=3 Twrdraw data=76 (11B)
1790835328484 s2c tag=3 Rwrdraw count=1 (10B)
1790835328574 s2c tag=2 Rrdmouse x=6 y=44 buttons=0 msec=1342196206 resized=32 (23B)
1790835328574 c2s tag=2 Trdmouse (6B)
1790835328575 c2s tag=3 Tcursor2 arrow=true off=(0,0) off2=(0,0) (343B)
1790835328575 s2c tag=3 Rcursor2 (6B)
1790835328575 c2s tag=3 Tmoveto x=6 y=41 (14B)
1790835328575 c2s tag=3 Twrdraw data=64030000000800000001000000000000... (1839B)
1790835328575 s2c tag=3 Rmoveto (6B)
1790835328575 s2c tag=2 Rrdmouse x=6 y=41 buttons=0 msec=1342196207 resized=32 (23B)
1790835328581 s2c tag=3 Rwrdraw count=1829 (10B)
1790835328581 c2s tag=3 Tmoveto x=6 y=41 (14B)
1790835328581 s2c tag=3 Rmoveto (6B)
1790835328581 c2s tag=3 Twrdraw data=76 (11B)
1790835328582 s2c tag=3 Rwrdraw count=1 (10B)
1790835328582 c2s tag=3 Twrdraw data=76 (11B)
1790835328582 s2c tag=3 Rwrdraw count=1 (10B)
1790835328582 c2s tag=3 Twrdraw data=76 (11B)
1790835328582 s2c tag=3 Rwrdraw count=1 (10B)
1790835328582 c2s tag=4 Trdmouse (6B)
1790835328582 s2c tag=4 Rrdmouse x=6 y=41 buttons=0 msec=1342196214 resized=32 (23B)
1790835328582 c2s tag=4 Trdmouse (6B)
1790835328582 c2s tag=2 Twrdraw data=76 (11B)
1790835328582 s2c tag=2 Rwrdraw count=1 (10B)
1790835329247 s2c tag=4 Rrdmouse x=6 y=56 buttons=0 msec=1342196879 resized=32 (23B)
1790835329247 c2s tag=4 Trdmouse (6B)
1790835329247 c2s tag=2 Twrdraw data=76 (11B)
1790835329247 s2c tag=2 Rwrdraw count=1 (10B)
1790835329261 s2c tag=4 Rrdmouse x=8 y=92 buttons=0 msec=1342196894 resized=32 (23B)
1790835329262 c2s tag=4 Trdmouse (6B)
1790835329262 c2s tag=2 Twrdraw data=76 (11B)
1790835329262 s2c tag=2 Rwrdraw count=1 (10B)
1790835329280 s2c tag=4 Rrdmouse x=12 y=128 buttons=0 msec=1342196912 resized=32 (23B)
1790835329280 s2c tag=2 Rwrdraw count=1 (10B)
1790835329280 c2s tag=4 Trdmouse (6B)
1790835329280 c2s tag=2 Twrdraw data=76 (11B)
1790835329297 s2c tag=4 Rrdmouse x=38 y=248 buttons=0 msec=1342196929 resized=32 (23B)
1790835329298 c2s tag=4 Trdmouse (6B)
1790835329300 c2s tag=2 Twrdraw data=76 (11B)
1790835329300 s2c tag=2 Rwrdraw count=1 (10B)
1790835329313 s2c tag=4 Rrdmouse x=54 y=308 buttons=0 msec=1342196944 resized=32 (23B)
1790835329313 c2s tag=4 Trdmouse (6B)
1790835329313 s2c tag=2 Rwrdraw count=1 (10B)
1790835329313 c2s tag=2 Twrdraw data=76 (11B)
1790835329331 s2c tag=4 Rrdmouse x=66 y=342 buttons=0 msec=1342196962 resized=32 (23B)
1790835329331 s2c tag=2 Rwrdraw count=1 (10B)
1790835329331 c2s tag=4 Trdmouse (6B)
1790835329331 c2s tag=2 Twrdraw data=76 (11B)
1790835329343 s2c tag=4 Rrdmouse x=92 y=422 buttons=0 msec=1342196975 resized=32 (23B)
1790835329344 c2s tag=4 Trdmouse (6B)
1790835329344 c2s tag=2 Twrdraw data=76 (11B)
1790835329344 s2c tag=2 Rwrdraw count=1 (10B)
1790835329362 s2c tag=4 Rrdmouse x=106 y=458 buttons=0 msec=1342196994 resized=32 (23B)
1790835329362 c2s tag=4 Trdmouse (6B)
1790835329362 c2s tag=2 Twrdraw data=76 (11B)
1790835329362 s2c tag=2 Rwrdraw count=1 (10B)
1790835329382 s2c tag=4 Rrdmouse x=114 y=474 buttons=0 msec=1342197014 resized=32 (23B)
1790835329382 c2s tag=4 Trdmouse (6B)
1790835329383 c2s tag=2 Twrdraw data=76 (11B)
1790835329383 s2c tag=2 Rwrdraw count=1 (10B)
1790835329399 s2c tag=4 Rrdmouse x=122 y=488 buttons=0 msec=1342197030 resized=32 (23B)
1790835329399 c2s tag=4 Trdmouse (6B)
1790835329399 s2c tag=2 Rwrdraw count=1 (10B)
1790835329399 c2s tag=2 Twrdraw data=76 (11B)
1790835329413 s2c tag=4 Rrdmouse x=126 y=494 buttons=0 msec=1342197045 resized=32 (23B)
1790835329413 c2s tag=4 Trdmouse (6B)
1790835329413 c2s tag=2 Twrdraw data=76 (11B)
1790835329413 s2c tag=2 Rwrdraw count=1 (10B)
1790835329432 s2c tag=4 Rrdmouse x=128 y=496 buttons=0 msec=1342197064 resized=32 (23B)
1790835329432 c2s tag=4 Twrdraw data=76 (11B)
1790835329432 s2c tag=4 Rwrdraw count=1 (10B)
1790835329432 c2s tag=2 Trdmouse (6B)
1790835329444 s2c tag=2 Rrdmouse x=128 y=498 buttons=0 msec=1342197076 resized=32 (23B)
1790835329444 c2s tag=2 Trdmouse (6B)
1790835329444 c2s tag=3 Twrdraw data=76 (11B)
1790835329444 s2c tag=3 Rwrdraw count=1 (10B)
1790835329462 s2c tag=2 Rrdmouse x=130 y=498 buttons=0 msec=1342197094 resized=32 (23B)
1790835329462 c2s tag=2 Trdmouse (6B)
1790835329462 c2s tag=3 Twrdraw data=76 (11B)
1790835329462 s2c tag=3 Rwrdraw count=1 (10B)
1790835329625 s2c tag=2 Rrdmouse x=130 y=498 buttons=1 msec=1342197257 resized=32 (23B)
1790835329625 c2s tag=2 Trdmouse (6B)
1790835329625 c2s tag=3 Twrdraw data=64030000002e000000010000000f0000... (146B)
1790835329627 s2c tag=3 Rwrdraw count=136 (10B)
1790835329627 c2s tag=3 Twrdraw data=76 (11B)
1790835329627 s2c tag=3 Rwrdraw count=1 (10B)
1790835329690 s2c tag=2 Rrdmouse x=130 y=498 buttons=0 msec=1342197322 resized=32 (23B)
1790835329690 c2s tag=2 Twrdraw data=76 (11B)
1790835329691 c2s tag=2 Twrdraw data=64030000000d00000001000000000000... (56B)
1790835329691 s2c tag=2 Rwrdraw count=1 (10B)
1790835329691 s2c tag=2 Rwrdraw count=46 (10B)
1790835329691 c2s tag=2 Trdmouse (6B)
1790835331900 s2c tag=2 Rrdmouse x=130 y=496 buttons=0 msec=1342199532 resized=32 (23B)
1790835331900 c2s tag=2 Trdmouse (6B)
1790835331900 c2s tag=3 Twrdraw data=76 (11B)
1790835331900 s2c tag=3 Rwrdraw count=1 (10B)
1790835331912 s2c tag=2 Rrdmouse x=136 y=484 buttons=0 msec=1342199544 resized=32 (23B)
1790835331912 c2s tag=2 Trdmouse (6B)
1790835331912 c2s tag=3 Twrdraw data=76 (11B)
1790835331912 s2c tag=3 Rwrdraw count=1 (10B)
1790835331927 s2c tag=2 Rrdmouse x=154 y=462 buttons=0 msec=1342199559 resized=32 (23B)
1790835331928 c2s tag=2 Trdmouse (6B)
1790835331928 c2s tag=3 Twrdraw data=76 (11B)
1790835331928 s2c tag=3 Rwrdraw count=1 (10B)
1790835331944 s2c tag=2 Rrdmouse x=178 y=432 buttons=0 msec=1342199576 resized=32 (23B)
1790835331944 c2s tag=2 Trdmouse (6B)
1790835331944 c2s tag=3 Twrdraw data=76 (11B)
1790835331944 s2c tag=3 Rwrdraw count=1 (10B)
1790835331962 s2c tag=2 Rrdmouse x=204 y=396 buttons=0 msec=1342199594 resized=32 (23B)
1790835331962 c2s tag=2 Trdmouse (6B)
1790835331962 c2s tag=3 Twrdraw data=76 (11B)
1790835331962 s2c tag=3 Rwrdraw count=1 (10B)
1790835331981 s2c tag=2 Rrdmouse x=232 y=362 buttons=0 msec=1342199613 resized=32 (23B)
1790835331981 c2s tag=2 Trdmouse (6B)
1790835331981 s2c tag=3 Rwrdraw count=1 (10B)
1790835331981 c2s tag=3 Twrdraw data=76 (11B)
1790835331996 s2c tag=2 Rrdmouse x=266 y=320 buttons=0 msec=1342199628 resized=32 (23B)
1790835331996 c2s tag=2 Trdmouse (6B)
1790835331997 c2s tag=3 Twrdraw data=76 (11B)
1790835331996 s2c tag=3 Rwrdraw count=1 (10B)
1790835332016 s2c tag=2 Rrdmouse x=294 y=286 buttons=0 msec=1342199648 resized=32 (23B)
1790835332016 c2s tag=2 Trdmouse (6B)
1790835332017 c2s tag=3 Twrdraw data=76 (11B)
1790835332017 s2c tag=3 Rwrdraw count=1 (10B)
1790835332030 s2c tag=2 Rrdmouse x=320 y=250 buttons=0 msec=1342199662 resized=32 (23B)
1790835332030 c2s tag=2 Trdmouse (6B)
1790835332031 c2s tag=3 Twrdraw data=76 (11B)
1790835332031 s2c tag=3 Rwrdraw count=1 (10B)
1790835332044 s2c tag=2 Rrdmouse x=334 y=230 buttons=0 msec=1342199676 resized=32 (23B)
1790835332045 c2s tag=2 Twrdraw data=76 (11B)
1790835332045 c2s tag=3 Trdmouse (6B)
1790835332045 s2c tag=2 Rwrdraw count=1 (10B)
1790835332065 s2c tag=3 Rrdmouse x=340 y=222 buttons=0 msec=1342199697 resized=32 (23B)
1790835332065 c2s tag=3 Trdmouse (6B)
1790835332065 s2c tag=4 Rwrdraw count=1 (10B)
1790835332065 c2s tag=4 Twrdraw data=76 (11B)
1790835332085 s2c tag=3 Rrdmouse x=344 y=216 buttons=0 msec=1342199717 resized=32 (23B)
1790835332086 c2s tag=3 Trdmouse (6B)
1790835332086 c2s tag=4 Twrdraw data=76 (11B)
1790835332086 s2c tag=4 Rwrdraw count=1 (10B)
1790835332097 s2c tag=3 Rrdmouse x=346 y=214 buttons=0 msec=1342199728 resized=32 (23B)
1790835332097 c2s tag=3 Trdmouse (6B)
1790835332097 c2s tag=4 Twrdraw data=76 (11B)
1790835332097 s2c tag=4 Rwrdraw count=1 (10B)
1790835332311 s2c tag=3 Rrdmouse x=346 y=216 buttons=0 msec=1342199943 resized=32 (23B)
1790835332311 c2s tag=3 Trdmouse (6B)
1790835332311 c2s tag=4 Twrdraw data=76 (11B)
1790835332311 s2c tag=4 Rwrdraw count=1 (10B)
1790835332544 s2c tag=3 Rrdmouse x=346 y=218 buttons=0 msec=1342200176 resized=32 (23B)
1790835332545 c2s tag=3 Trdmouse (6B)
1790835332546 c2s tag=4 Twrdraw data=76 (11B)
1790835332546 s2c tag=4 Rwrdraw count=1 (10B)
1790835332597 s2c tag=3 Rrdmouse x=346 y=220 buttons=0 msec=1342200229 resized=32 (23B)
1790835332597 c2s tag=3 Trdmouse (6B)
1790835332598 c2s tag=4 Twrdraw data=76 (11B)
1790835332599 s2c tag=4 Rwrdraw count=1 (10B)
1790835334267 s2c tag=3 Rrdmouse x=362 y=206 buttons=0 msec=1342201899 resized=32 (23B)
1790835334267 c2s tag=3 Trdmouse (6B)
1790835334268 c2s tag=4 Twrdraw data=76 (11B)
1790835334268 s2c tag=4 Rwrdraw count=1 (10B)
1790835334281 s2c tag=3 Rrdmouse x=394 y=182 buttons=0 msec=1342201912 resized=32 (23B)
1790835334281 c2s tag=3 Trdmouse (6B)
1790835334281 c2s tag=4 Twrdraw data=76 (11B)
1790835334281 s2c tag=4 Rwrdraw count=1 (10B)
1790835334299 s2c tag=3 Rrdmouse x=432 y=146 buttons=0 msec=1342201930 resized=32 (23B)
1790835334299 c2s tag=3 Trdmouse (6B)
1790835334299 c2s tag=4 Twrdraw data=76 (11B)
1790835334300 s2c tag=4 Rwrdraw count=1 (10B)
1790835334317 s2c tag=3 Rrdmouse x=484 y=102 buttons=0 msec=1342201949 resized=32 (23B)
1790835334318 c2s tag=3 Trdmouse (6B)
1790835334318 c2s tag=4 Twrdraw data=76 (11B)
1790835334319 s2c tag=4 Rwrdraw count=1 (10B)
1790835334335 s2c tag=3 Rrdmouse x=544 y=48 buttons=0 msec=1342201967 resized=32 (23B)
1790835334338 c2s tag=3 Trdmouse (6B)
1790835334341 c2s tag=4 Twrdraw data=76 (11B)
1790835334341 s2c tag=4 Rwrdraw count=1 (10B)
